<?xml version="1.0" encoding="UTF-8"?>
<TaskState connectorKind="jira" repositoryUrl="https://allaboutknowledge.atlassian.net" taskId="10001" version="2.0">
<NewData connectorKind="jira" repositoryUrl="https://allaboutknowledge.atlassian.net" taskId="10001" version="3.0">
<Attributes>
<Attribute id="root">
<values/>
<options/>
<MetaData/>
<Attributes>
<Attribute id="task.common.date.created">
<values>
<value>1344349455000</value>
</values>
<options/>
<MetaData>
<meta>
<key>task.meta.readOnly</key>
<value>true</value>
</meta>
<meta>
<key>task.meta.type</key>
<value>date</value>
</meta>
<meta>
<key>task.meta.label</key>
<value>Created:</value>
</meta>
<meta>
<key>type</key>
<value>com.atlassian.jira.plugin.system.customfieldtypes:datepicker</value>
</meta>
</MetaData>
<Attributes/>
</Attribute>
<Attribute id="task.common.summary">
<values>
<value>Configure DS on JBoss AS 7.1.1</value>
</values>
<options/>
<MetaData>
<meta>
<key>task.meta.readOnly</key>
<value>true</value>
</meta>
<meta>
<key>task.meta.type</key>
<value>shortRichText</value>
</meta>
<meta>
<key>task.meta.label</key>
<value>Summary:</value>
</meta>
<meta>
<key>type</key>
<value>com.atlassian.jira.plugin.system.customfieldtypes:textfield</value>
</meta>
</MetaData>
<Attributes/>
</Attribute>
<Attribute id="task.common.description">
<values>
<value>Configure MySql DS on JBoss AS 7.1.1
Name: java:jboss/datasources/allaboutknowledgeDS, point to localhost-&gt;allaboutknowledge_core</value>
</values>
<options/>
<MetaData>
<meta>
<key>task.meta.readOnly</key>
<value>true</value>
</meta>
<meta>
<key>task.meta.type</key>
<value>longRichText</value>
</meta>
<meta>
<key>task.meta.label</key>
<value>Description:</value>
</meta>
<meta>
<key>type</key>
<value>com.atlassian.jira.plugin.system.customfieldtypes:textfield</value>
</meta>
</MetaData>
<Attributes/>
</Attribute>
<Attribute id="task.common.status">
<values>
<value>6</value>
</values>
<options>
<option>
<key>6</key>
<value>Closed</value>
</option>
</options>
<MetaData>
<meta>
<key>task.meta.readOnly</key>
<value>true</value>
</meta>
<meta>
<key>task.meta.type</key>
<value>singleSelect</value>
</meta>
<meta>
<key>task.meta.label</key>
<value>Status:</value>
</meta>
<meta>
<key>type</key>
<value>com.atlassian.jira.plugin.system.customfieldtypes:select</value>
</meta>
</MetaData>
<Attributes/>
</Attribute>
<Attribute id="task.common.key">
<values>
<value>AAK-2</value>
</values>
<options/>
<MetaData>
<meta>
<key>task.meta.readOnly</key>
<value>true</value>
</meta>
<meta>
<key>task.meta.type</key>
<value>shortText</value>
</meta>
<meta>
<key>task.meta.label</key>
<value>Key:</value>
</meta>
<meta>
<key>type</key>
<value>com.atlassian.jira.plugin.system.customfieldtypes:textfield</value>
</meta>
</MetaData>
<Attributes/>
</Attribute>
<Attribute id="task.common.url">
<values>
<value>https://allaboutknowledge.atlassian.net/browse/AAK-2</value>
</values>
<options/>
<MetaData>
<meta>
<key>task.meta.readOnly</key>
<value>true</value>
</meta>
<meta>
<key>task.meta.type</key>
<value>url</value>
</meta>
<meta>
<key>task.meta.label</key>
<value>URL:</value>
</meta>
<meta>
<key>type</key>
<value>com.atlassian.jira.plugin.system.customfieldtypes:url</value>
</meta>
</MetaData>
<Attributes/>
</Attribute>
<Attribute id="task.common.user.assigned">
<values>
<value>allaboutknowledge</value>
</values>
<options/>
<MetaData>
<meta>
<key>task.meta.readOnly</key>
<value>false</value>
</meta>
<meta>
<key>task.meta.type</key>
<value>person</value>
</meta>
<meta>
<key>task.meta.label</key>
<value>Assigned to:</value>
</meta>
<meta>
<key>type</key>
<value>com.atlassian.jira.plugin.system.customfieldtypes:userpicker</value>
</meta>
</MetaData>
<Attributes>
<Attribute id="task.common.person.name">
<values>
<value>Administrator</value>
</values>
<options/>
<MetaData/>
<Attributes/>
</Attribute>
</Attributes>
</Attribute>
<Attribute id="task.common.user.reporter">
<values>
<value>allaboutknowledge</value>
</values>
<options/>
<MetaData>
<meta>
<key>task.meta.readOnly</key>
<value>true</value>
</meta>
<meta>
<key>task.meta.type</key>
<value>person</value>
</meta>
<meta>
<key>task.meta.label</key>
<value>Reported by:</value>
</meta>
<meta>
<key>type</key>
<value>com.atlassian.jira.plugin.system.customfieldtypes:userpicker</value>
</meta>
</MetaData>
<Attributes>
<Attribute id="task.common.person.name">
<values>
<value>Administrator</value>
</values>
<options/>
<MetaData/>
<Attributes/>
</Attribute>
</Attributes>
</Attribute>
<Attribute id="task.common.date.modified">
<values>
<value>1344349553000</value>
</values>
<options/>
<MetaData>
<meta>
<key>task.meta.readOnly</key>
<value>true</value>
</meta>
<meta>
<key>task.meta.type</key>
<value>date</value>
</meta>
<meta>
<key>task.meta.label</key>
<value>Modified:</value>
</meta>
<meta>
<key>type</key>
<value>com.atlassian.jira.plugin.system.customfieldtypes:datepicker</value>
</meta>
</MetaData>
<Attributes/>
</Attribute>
<Attribute id="task.common.product">
<values>
<value>10000</value>
</values>
<options>
<option>
<key>10000</key>
<value>All About Knowledge</value>
</option>
<option>
<key>10001</key>
<value>Pengs</value>
</option>
</options>
<MetaData>
<meta>
<key>task.meta.readOnly</key>
<value>true</value>
</meta>
<meta>
<key>task.meta.type</key>
<value>singleSelect</value>
</meta>
<meta>
<key>task.meta.attributeKind</key>
<value>task.common.kind.default</value>
</meta>
<meta>
<key>task.meta.label</key>
<value>Project:</value>
</meta>
<meta>
<key>type</key>
<value>com.atlassian.jira.plugin.system.customfieldtypes:project</value>
</meta>
</MetaData>
<Attributes/>
</Attribute>
<Attribute id="task.common.resolution">
<values>
<value>1</value>
</values>
<options>
<option>
<key>1</key>
<value>Fixed</value>
</option>
<option>
<key>2</key>
<value>Won't Fix</value>
</option>
<option>
<key>3</key>
<value>Duplicate</value>
</option>
<option>
<key>4</key>
<value>Incomplete</value>
</option>
<option>
<key>5</key>
<value>Cannot Reproduce</value>
</option>
</options>
<MetaData>
<meta>
<key>task.meta.readOnly</key>
<value>false</value>
</meta>
<meta>
<key>task.meta.type</key>
<value>singleSelect</value>
</meta>
<meta>
<key>task.meta.label</key>
<value>Resolution:</value>
</meta>
<meta>
<key>type</key>
<value>com.atlassian.jira.plugin.system.customfieldtypes:select</value>
</meta>
</MetaData>
<Attributes/>
</Attribute>
<Attribute id="task.common.priority">
<values>
<value>3</value>
</values>
<options>
<option>
<key>1</key>
<value>Blocker</value>
</option>
<option>
<key>2</key>
<value>Critical</value>
</option>
<option>
<key>3</key>
<value>Major</value>
</option>
<option>
<key>4</key>
<value>Minor</value>
</option>
<option>
<key>5</key>
<value>Trivial</value>
</option>
</options>
<MetaData>
<meta>
<key>task.meta.readOnly</key>
<value>true</value>
</meta>
<meta>
<key>task.meta.type</key>
<value>singleSelect</value>
</meta>
<meta>
<key>task.meta.attributeKind</key>
<value>task.common.kind.default</value>
</meta>
<meta>
<key>task.meta.label</key>
<value>Priority:</value>
</meta>
<meta>
<key>type</key>
<value>com.atlassian.jira.plugin.system.customfieldtypes:select</value>
</meta>
</MetaData>
<Attributes/>
</Attribute>
<Attribute id="attribute.jira.type">
<values>
<value>3</value>
</values>
<options>
<option>
<key>1</key>
<value>Bug</value>
</option>
<option>
<key>2</key>
<value>New Feature</value>
</option>
<option>
<key>3</key>
<value>Task</value>
</option>
<option>
<key>4</key>
<value>Improvement</value>
</option>
<option>
<key>6</key>
<value>Epic</value>
</option>
<option>
<key>7</key>
<value>Story</value>
</option>
</options>
<MetaData>
<meta>
<key>task.meta.readOnly</key>
<value>true</value>
</meta>
<meta>
<key>task.meta.type</key>
<value>singleSelect</value>
</meta>
<meta>
<key>task.meta.attributeKind</key>
<value>task.common.kind.default</value>
</meta>
<meta>
<key>task.meta.label</key>
<value>Type:</value>
</meta>
<meta>
<key>type</key>
<value>com.atlassian.jira.plugin.system.customfieldtypes:select</value>
</meta>
</MetaData>
<Attributes/>
</Attribute>
<Attribute id="attribute.jira.due">
<values/>
<options/>
<MetaData>
<meta>
<key>task.meta.readOnly</key>
<value>true</value>
</meta>
<meta>
<key>task.meta.type</key>
<value>date</value>
</meta>
<meta>
<key>task.meta.attributeKind</key>
<value>task.common.kind.default</value>
</meta>
<meta>
<key>task.meta.label</key>
<value>Due Date:</value>
</meta>
<meta>
<key>type</key>
<value>com.atlassian.jira.plugin.system.customfieldtypes:datepicker</value>
</meta>
</MetaData>
<Attributes/>
</Attribute>
<Attribute id="attribute.jira.estimate">
<values>
<value>0</value>
</values>
<options/>
<MetaData>
<meta>
<key>task.meta.readOnly</key>
<value>true</value>
</meta>
<meta>
<key>task.meta.type</key>
<value>shortText</value>
</meta>
<meta>
<key>task.meta.attributeKind</key>
<value>task.common.kind.default</value>
</meta>
<meta>
<key>task.meta.label</key>
<value>Estimate:</value>
</meta>
<meta>
<key>type</key>
<value>com.atlassian.jira.plugin.system.customfieldtypes:textfield</value>
</meta>
</MetaData>
<Attributes/>
</Attribute>
<Attribute id="attribute.jira.actual">
<values>
<value>0</value>
</values>
<options/>
<MetaData>
<meta>
<key>task.meta.readOnly</key>
<value>true</value>
</meta>
<meta>
<key>task.meta.type</key>
<value>shortText</value>
</meta>
<meta>
<key>task.meta.attributeKind</key>
<value>task.common.kind.default</value>
</meta>
<meta>
<key>task.meta.label</key>
<value>Time Spent:</value>
</meta>
<meta>
<key>type</key>
<value>com.atlassian.jira.plugin.system.customfieldtypes:textfield</value>
</meta>
</MetaData>
<Attributes/>
</Attribute>
<Attribute id="attribute.jira.affectsversions">
<values/>
<options/>
<MetaData>
<meta>
<key>task.meta.readOnly</key>
<value>true</value>
</meta>
<meta>
<key>task.meta.type</key>
<value>multiSelect</value>
</meta>
<meta>
<key>task.meta.attributeKind</key>
<value>task.common.kind.default</value>
</meta>
<meta>
<key>task.meta.label</key>
<value>Affects Versions:</value>
</meta>
<meta>
<key>type</key>
<value>com.atlassian.jira.plugin.system.customfieldtypes:multiselect</value>
</meta>
</MetaData>
<Attributes/>
</Attribute>
<Attribute id="attribute.jira.components">
<values/>
<options/>
<MetaData>
<meta>
<key>task.meta.readOnly</key>
<value>true</value>
</meta>
<meta>
<key>task.meta.type</key>
<value>multiSelect</value>
</meta>
<meta>
<key>task.meta.attributeKind</key>
<value>task.common.kind.default</value>
</meta>
<meta>
<key>task.meta.label</key>
<value>Components:</value>
</meta>
<meta>
<key>type</key>
<value>com.atlassian.jira.plugin.system.customfieldtypes:multiselect</value>
</meta>
</MetaData>
<Attributes/>
</Attribute>
<Attribute id="attribute.jira.fixversions">
<values/>
<options/>
<MetaData>
<meta>
<key>task.meta.readOnly</key>
<value>true</value>
</meta>
<meta>
<key>task.meta.type</key>
<value>multiSelect</value>
</meta>
<meta>
<key>task.meta.attributeKind</key>
<value>task.common.kind.default</value>
</meta>
<meta>
<key>task.meta.label</key>
<value>Fix Versions:</value>
</meta>
<meta>
<key>type</key>
<value>com.atlassian.jira.plugin.system.customfieldtypes:multiselect</value>
</meta>
</MetaData>
<Attributes/>
</Attribute>
<Attribute id="attribute.jira.environment">
<values>
<value/>
</values>
<options/>
<MetaData>
<meta>
<key>task.meta.readOnly</key>
<value>true</value>
</meta>
<meta>
<key>task.meta.type</key>
<value>longRichText</value>
</meta>
<meta>
<key>task.meta.attributeKind</key>
<value>task.common.kind.default</value>
</meta>
<meta>
<key>task.meta.label</key>
<value>Environment:</value>
</meta>
<meta>
<key>type</key>
<value>com.atlassian.jira.plugin.system.customfieldtypes:textarea</value>
</meta>
</MetaData>
<Attributes/>
</Attribute>
<Attribute id="task.common.comment.new">
<values/>
<options/>
<MetaData>
<meta>
<key>task.meta.readOnly</key>
<value>false</value>
</meta>
<meta>
<key>task.meta.type</key>
<value>longRichText</value>
</meta>
<meta>
<key>task.meta.label</key>
<value>New Comment:</value>
</meta>
<meta>
<key>type</key>
<value>com.atlassian.jira.plugin.system.customfieldtypes:textarea</value>
</meta>
</MetaData>
<Attributes/>
</Attribute>
<Attribute id="attribute.jira.worklog.new">
<values/>
<options/>
<MetaData>
<meta>
<key>task.meta.readOnly</key>
<value>true</value>
</meta>
</MetaData>
<Attributes/>
</Attribute>
<Attribute id="attribute.jira.project-roles">
<values>
<value>All Users</value>
</values>
<options>
<option>
<key>All Users</key>
<value>All Users</value>
</option>
<option>
<key>Administrators</key>
<value>Administrators</value>
</option>
<option>
<key>Developers</key>
<value>Developers</value>
</option>
<option>
<key>Users</key>
<value>Users</value>
</option>
</options>
<MetaData>
<meta>
<key>task.meta.readOnly</key>
<value>false</value>
</meta>
<meta>
<key>task.meta.type</key>
<value>singleSelect</value>
</meta>
<meta>
<key>task.meta.label</key>
<value>Viewable By:</value>
</meta>
<meta>
<key>type</key>
<value>com.atlassian.jira.plugin.system.customfieldtypes:select</value>
</meta>
</MetaData>
<Attributes/>
</Attribute>
<Attribute id="attribute.jira.custom::customfield_10006">
<values>
<value>2</value>
</values>
<options/>
<MetaData>
<meta>
<key>task.meta.readOnly</key>
<value>true</value>
</meta>
<meta>
<key>task.meta.label</key>
<value>Rank:</value>
</meta>
<meta>
<key>type</key>
<value>com.pyxis.greenhopper.jira:gh-global-rank</value>
</meta>
</MetaData>
<Attributes/>
</Attribute>
<Attribute id="attribute.jira.custom::customfield_10000">
<values>
<value/>
</values>
<options/>
<MetaData>
<meta>
<key>task.meta.readOnly</key>
<value>true</value>
</meta>
<meta>
<key>task.meta.label</key>
<value>[CHART] Time in Status:</value>
</meta>
<meta>
<key>type</key>
<value>com.atlassian.jira.ext.charting:timeinstatus</value>
</meta>
</MetaData>
<Attributes/>
</Attribute>
<Attribute id="task.common.operation-leave">
<values>
<value>leave</value>
</values>
<options/>
<MetaData>
<meta>
<key>task.meta.readOnly</key>
<value>true</value>
</meta>
<meta>
<key>task.meta.type</key>
<value>operation</value>
</meta>
<meta>
<key>task.meta.label</key>
<value>Leave as Closed</value>
</meta>
<meta>
<key>task.meta.disabled</key>
<value>false</value>
</meta>
</MetaData>
<Attributes/>
</Attribute>
<Attribute id="task.common.operation">
<values>
<value>leave</value>
</values>
<options/>
<MetaData>
<meta>
<key>task.meta.readOnly</key>
<value>true</value>
</meta>
<meta>
<key>task.meta.type</key>
<value>operation</value>
</meta>
<meta>
<key>task.meta.label</key>
<value>Leave as Closed</value>
</meta>
<meta>
<key>task.meta.disabled</key>
<value>false</value>
</meta>
</MetaData>
<Attributes/>
</Attribute>
<Attribute id="task.common.operation-3">
<values>
<value>3</value>
</values>
<options/>
<MetaData>
<meta>
<key>task.meta.readOnly</key>
<value>true</value>
</meta>
<meta>
<key>task.meta.type</key>
<value>operation</value>
</meta>
<meta>
<key>task.meta.label</key>
<value>Reopen Issue</value>
</meta>
<meta>
<key>task.meta.disabled</key>
<value>false</value>
</meta>
</MetaData>
<Attributes/>
</Attribute>
</Attributes>
</Attribute>
</Attributes>
</NewData>
<OldData connectorKind="jira" repositoryUrl="https://allaboutknowledge.atlassian.net" taskId="10001" version="3.0">
<Attributes>
<Attribute id="root">
<values/>
<options/>
<MetaData/>
<Attributes>
<Attribute id="task.common.date.created">
<values>
<value>1344349455000</value>
</values>
<options/>
<MetaData>
<meta>
<key>task.meta.readOnly</key>
<value>true</value>
</meta>
<meta>
<key>task.meta.type</key>
<value>date</value>
</meta>
<meta>
<key>task.meta.label</key>
<value>Created:</value>
</meta>
<meta>
<key>type</key>
<value>com.atlassian.jira.plugin.system.customfieldtypes:datepicker</value>
</meta>
</MetaData>
<Attributes/>
</Attribute>
<Attribute id="task.common.summary">
<values>
<value>Configure DS on JBoss AS 7.1.1</value>
</values>
<options/>
<MetaData>
<meta>
<key>task.meta.readOnly</key>
<value>true</value>
</meta>
<meta>
<key>task.meta.type</key>
<value>shortRichText</value>
</meta>
<meta>
<key>task.meta.label</key>
<value>Summary:</value>
</meta>
<meta>
<key>type</key>
<value>com.atlassian.jira.plugin.system.customfieldtypes:textfield</value>
</meta>
</MetaData>
<Attributes/>
</Attribute>
<Attribute id="task.common.description">
<values>
<value>Configure MySql DS on JBoss AS 7.1.1
Name: java:jboss/datasources/allaboutknowledgeDS, point to localhost-&gt;allaboutknowledge_core</value>
</values>
<options/>
<MetaData>
<meta>
<key>task.meta.readOnly</key>
<value>true</value>
</meta>
<meta>
<key>task.meta.type</key>
<value>longRichText</value>
</meta>
<meta>
<key>task.meta.label</key>
<value>Description:</value>
</meta>
<meta>
<key>type</key>
<value>com.atlassian.jira.plugin.system.customfieldtypes:textfield</value>
</meta>
</MetaData>
<Attributes/>
</Attribute>
<Attribute id="task.common.status">
<values>
<value>6</value>
</values>
<options>
<option>
<key>6</key>
<value>Closed</value>
</option>
</options>
<MetaData>
<meta>
<key>task.meta.readOnly</key>
<value>true</value>
</meta>
<meta>
<key>task.meta.type</key>
<value>singleSelect</value>
</meta>
<meta>
<key>task.meta.label</key>
<value>Status:</value>
</meta>
<meta>
<key>type</key>
<value>com.atlassian.jira.plugin.system.customfieldtypes:select</value>
</meta>
</MetaData>
<Attributes/>
</Attribute>
<Attribute id="task.common.key">
<values>
<value>AAK-2</value>
</values>
<options/>
<MetaData>
<meta>
<key>task.meta.readOnly</key>
<value>true</value>
</meta>
<meta>
<key>task.meta.type</key>
<value>shortText</value>
</meta>
<meta>
<key>task.meta.label</key>
<value>Key:</value>
</meta>
<meta>
<key>type</key>
<value>com.atlassian.jira.plugin.system.customfieldtypes:textfield</value>
</meta>
</MetaData>
<Attributes/>
</Attribute>
<Attribute id="task.common.url">
<values>
<value>https://allaboutknowledge.atlassian.net/browse/AAK-2</value>
</values>
<options/>
<MetaData>
<meta>
<key>task.meta.readOnly</key>
<value>true</value>
</meta>
<meta>
<key>task.meta.type</key>
<value>url</value>
</meta>
<meta>
<key>task.meta.label</key>
<value>URL:</value>
</meta>
<meta>
<key>type</key>
<value>com.atlassian.jira.plugin.system.customfieldtypes:url</value>
</meta>
</MetaData>
<Attributes/>
</Attribute>
<Attribute id="task.common.user.assigned">
<values>
<value>allaboutknowledge</value>
</values>
<options/>
<MetaData>
<meta>
<key>task.meta.readOnly</key>
<value>false</value>
</meta>
<meta>
<key>task.meta.type</key>
<value>person</value>
</meta>
<meta>
<key>task.meta.label</key>
<value>Assigned to:</value>
</meta>
<meta>
<key>type</key>
<value>com.atlassian.jira.plugin.system.customfieldtypes:userpicker</value>
</meta>
</MetaData>
<Attributes>
<Attribute id="task.common.person.name">
<values>
<value>Administrator</value>
</values>
<options/>
<MetaData/>
<Attributes/>
</Attribute>
</Attributes>
</Attribute>
<Attribute id="task.common.user.reporter">
<values>
<value>allaboutknowledge</value>
</values>
<options/>
<MetaData>
<meta>
<key>task.meta.readOnly</key>
<value>true</value>
</meta>
<meta>
<key>task.meta.type</key>
<value>person</value>
</meta>
<meta>
<key>task.meta.label</key>
<value>Reported by:</value>
</meta>
<meta>
<key>type</key>
<value>com.atlassian.jira.plugin.system.customfieldtypes:userpicker</value>
</meta>
</MetaData>
<Attributes>
<Attribute id="task.common.person.name">
<values>
<value>Administrator</value>
</values>
<options/>
<MetaData/>
<Attributes/>
</Attribute>
</Attributes>
</Attribute>
<Attribute id="task.common.date.modified">
<values>
<value>1344349553000</value>
</values>
<options/>
<MetaData>
<meta>
<key>task.meta.readOnly</key>
<value>true</value>
</meta>
<meta>
<key>task.meta.type</key>
<value>date</value>
</meta>
<meta>
<key>task.meta.label</key>
<value>Modified:</value>
</meta>
<meta>
<key>type</key>
<value>com.atlassian.jira.plugin.system.customfieldtypes:datepicker</value>
</meta>
</MetaData>
<Attributes/>
</Attribute>
<Attribute id="task.common.product">
<values>
<value>10000</value>
</values>
<options>
<option>
<key>10000</key>
<value>All About Knowledge</value>
</option>
<option>
<key>10001</key>
<value>Pengs</value>
</option>
</options>
<MetaData>
<meta>
<key>task.meta.readOnly</key>
<value>true</value>
</meta>
<meta>
<key>task.meta.type</key>
<value>singleSelect</value>
</meta>
<meta>
<key>task.meta.attributeKind</key>
<value>task.common.kind.default</value>
</meta>
<meta>
<key>task.meta.label</key>
<value>Project:</value>
</meta>
<meta>
<key>type</key>
<value>com.atlassian.jira.plugin.system.customfieldtypes:project</value>
</meta>
</MetaData>
<Attributes/>
</Attribute>
<Attribute id="task.common.resolution">
<values>
<value>1</value>
</values>
<options>
<option>
<key>1</key>
<value>Fixed</value>
</option>
<option>
<key>2</key>
<value>Won't Fix</value>
</option>
<option>
<key>3</key>
<value>Duplicate</value>
</option>
<option>
<key>4</key>
<value>Incomplete</value>
</option>
<option>
<key>5</key>
<value>Cannot Reproduce</value>
</option>
</options>
<MetaData>
<meta>
<key>task.meta.readOnly</key>
<value>false</value>
</meta>
<meta>
<key>task.meta.type</key>
<value>singleSelect</value>
</meta>
<meta>
<key>task.meta.label</key>
<value>Resolution:</value>
</meta>
<meta>
<key>type</key>
<value>com.atlassian.jira.plugin.system.customfieldtypes:select</value>
</meta>
</MetaData>
<Attributes/>
</Attribute>
<Attribute id="task.common.priority">
<values>
<value>3</value>
</values>
<options>
<option>
<key>1</key>
<value>Blocker</value>
</option>
<option>
<key>2</key>
<value>Critical</value>
</option>
<option>
<key>3</key>
<value>Major</value>
</option>
<option>
<key>4</key>
<value>Minor</value>
</option>
<option>
<key>5</key>
<value>Trivial</value>
</option>
</options>
<MetaData>
<meta>
<key>task.meta.readOnly</key>
<value>true</value>
</meta>
<meta>
<key>task.meta.type</key>
<value>singleSelect</value>
</meta>
<meta>
<key>task.meta.attributeKind</key>
<value>task.common.kind.default</value>
</meta>
<meta>
<key>task.meta.label</key>
<value>Priority:</value>
</meta>
<meta>
<key>type</key>
<value>com.atlassian.jira.plugin.system.customfieldtypes:select</value>
</meta>
</MetaData>
<Attributes/>
</Attribute>
<Attribute id="attribute.jira.type">
<values>
<value>3</value>
</values>
<options>
<option>
<key>1</key>
<value>Bug</value>
</option>
<option>
<key>2</key>
<value>New Feature</value>
</option>
<option>
<key>3</key>
<value>Task</value>
</option>
<option>
<key>4</key>
<value>Improvement</value>
</option>
<option>
<key>6</key>
<value>Epic</value>
</option>
<option>
<key>7</key>
<value>Story</value>
</option>
</options>
<MetaData>
<meta>
<key>task.meta.readOnly</key>
<value>true</value>
</meta>
<meta>
<key>task.meta.type</key>
<value>singleSelect</value>
</meta>
<meta>
<key>task.meta.attributeKind</key>
<value>task.common.kind.default</value>
</meta>
<meta>
<key>task.meta.label</key>
<value>Type:</value>
</meta>
<meta>
<key>type</key>
<value>com.atlassian.jira.plugin.system.customfieldtypes:select</value>
</meta>
</MetaData>
<Attributes/>
</Attribute>
<Attribute id="attribute.jira.due">
<values/>
<options/>
<MetaData>
<meta>
<key>task.meta.readOnly</key>
<value>true</value>
</meta>
<meta>
<key>task.meta.type</key>
<value>date</value>
</meta>
<meta>
<key>task.meta.attributeKind</key>
<value>task.common.kind.default</value>
</meta>
<meta>
<key>task.meta.label</key>
<value>Due Date:</value>
</meta>
<meta>
<key>type</key>
<value>com.atlassian.jira.plugin.system.customfieldtypes:datepicker</value>
</meta>
</MetaData>
<Attributes/>
</Attribute>
<Attribute id="attribute.jira.estimate">
<values>
<value>0</value>
</values>
<options/>
<MetaData>
<meta>
<key>task.meta.readOnly</key>
<value>true</value>
</meta>
<meta>
<key>task.meta.type</key>
<value>shortText</value>
</meta>
<meta>
<key>task.meta.attributeKind</key>
<value>task.common.kind.default</value>
</meta>
<meta>
<key>task.meta.label</key>
<value>Estimate:</value>
</meta>
<meta>
<key>type</key>
<value>com.atlassian.jira.plugin.system.customfieldtypes:textfield</value>
</meta>
</MetaData>
<Attributes/>
</Attribute>
<Attribute id="attribute.jira.actual">
<values>
<value>0</value>
</values>
<options/>
<MetaData>
<meta>
<key>task.meta.readOnly</key>
<value>true</value>
</meta>
<meta>
<key>task.meta.type</key>
<value>shortText</value>
</meta>
<meta>
<key>task.meta.attributeKind</key>
<value>task.common.kind.default</value>
</meta>
<meta>
<key>task.meta.label</key>
<value>Time Spent:</value>
</meta>
<meta>
<key>type</key>
<value>com.atlassian.jira.plugin.system.customfieldtypes:textfield</value>
</meta>
</MetaData>
<Attributes/>
</Attribute>
<Attribute id="attribute.jira.affectsversions">
<values/>
<options/>
<MetaData>
<meta>
<key>task.meta.readOnly</key>
<value>true</value>
</meta>
<meta>
<key>task.meta.type</key>
<value>multiSelect</value>
</meta>
<meta>
<key>task.meta.attributeKind</key>
<value>task.common.kind.default</value>
</meta>
<meta>
<key>task.meta.label</key>
<value>Affects Versions:</value>
</meta>
<meta>
<key>type</key>
<value>com.atlassian.jira.plugin.system.customfieldtypes:multiselect</value>
</meta>
</MetaData>
<Attributes/>
</Attribute>
<Attribute id="attribute.jira.components">
<values/>
<options/>
<MetaData>
<meta>
<key>task.meta.readOnly</key>
<value>true</value>
</meta>
<meta>
<key>task.meta.type</key>
<value>multiSelect</value>
</meta>
<meta>
<key>task.meta.attributeKind</key>
<value>task.common.kind.default</value>
</meta>
<meta>
<key>task.meta.label</key>
<value>Components:</value>
</meta>
<meta>
<key>type</key>
<value>com.atlassian.jira.plugin.system.customfieldtypes:multiselect</value>
</meta>
</MetaData>
<Attributes/>
</Attribute>
<Attribute id="attribute.jira.fixversions">
<values/>
<options/>
<MetaData>
<meta>
<key>task.meta.readOnly</key>
<value>true</value>
</meta>
<meta>
<key>task.meta.type</key>
<value>multiSelect</value>
</meta>
<meta>
<key>task.meta.attributeKind</key>
<value>task.common.kind.default</value>
</meta>
<meta>
<key>task.meta.label</key>
<value>Fix Versions:</value>
</meta>
<meta>
<key>type</key>
<value>com.atlassian.jira.plugin.system.customfieldtypes:multiselect</value>
</meta>
</MetaData>
<Attributes/>
</Attribute>
<Attribute id="attribute.jira.environment">
<values>
<value/>
</values>
<options/>
<MetaData>
<meta>
<key>task.meta.readOnly</key>
<value>true</value>
</meta>
<meta>
<key>task.meta.type</key>
<value>longRichText</value>
</meta>
<meta>
<key>task.meta.attributeKind</key>
<value>task.common.kind.default</value>
</meta>
<meta>
<key>task.meta.label</key>
<value>Environment:</value>
</meta>
<meta>
<key>type</key>
<value>com.atlassian.jira.plugin.system.customfieldtypes:textarea</value>
</meta>
</MetaData>
<Attributes/>
</Attribute>
<Attribute id="task.common.comment.new">
<values/>
<options/>
<MetaData>
<meta>
<key>task.meta.readOnly</key>
<value>false</value>
</meta>
<meta>
<key>task.meta.type</key>
<value>longRichText</value>
</meta>
<meta>
<key>task.meta.label</key>
<value>New Comment:</value>
</meta>
<meta>
<key>type</key>
<value>com.atlassian.jira.plugin.system.customfieldtypes:textarea</value>
</meta>
</MetaData>
<Attributes/>
</Attribute>
<Attribute id="attribute.jira.worklog.new">
<values/>
<options/>
<MetaData>
<meta>
<key>task.meta.readOnly</key>
<value>true</value>
</meta>
</MetaData>
<Attributes/>
</Attribute>
<Attribute id="attribute.jira.project-roles">
<values>
<value>All Users</value>
</values>
<options>
<option>
<key>All Users</key>
<value>All Users</value>
</option>
<option>
<key>Administrators</key>
<value>Administrators</value>
</option>
<option>
<key>Developers</key>
<value>Developers</value>
</option>
<option>
<key>Users</key>
<value>Users</value>
</option>
</options>
<MetaData>
<meta>
<key>task.meta.readOnly</key>
<value>false</value>
</meta>
<meta>
<key>task.meta.type</key>
<value>singleSelect</value>
</meta>
<meta>
<key>task.meta.label</key>
<value>Viewable By:</value>
</meta>
<meta>
<key>type</key>
<value>com.atlassian.jira.plugin.system.customfieldtypes:select</value>
</meta>
</MetaData>
<Attributes/>
</Attribute>
<Attribute id="attribute.jira.custom::customfield_10006">
<values>
<value>2</value>
</values>
<options/>
<MetaData>
<meta>
<key>task.meta.readOnly</key>
<value>true</value>
</meta>
<meta>
<key>task.meta.label</key>
<value>Rank:</value>
</meta>
<meta>
<key>type</key>
<value>com.pyxis.greenhopper.jira:gh-global-rank</value>
</meta>
</MetaData>
<Attributes/>
</Attribute>
<Attribute id="attribute.jira.custom::customfield_10000">
<values>
<value/>
</values>
<options/>
<MetaData>
<meta>
<key>task.meta.readOnly</key>
<value>true</value>
</meta>
<meta>
<key>task.meta.label</key>
<value>[CHART] Time in Status:</value>
</meta>
<meta>
<key>type</key>
<value>com.atlassian.jira.ext.charting:timeinstatus</value>
</meta>
</MetaData>
<Attributes/>
</Attribute>
<Attribute id="task.common.operation-leave">
<values>
<value>leave</value>
</values>
<options/>
<MetaData>
<meta>
<key>task.meta.readOnly</key>
<value>true</value>
</meta>
<meta>
<key>task.meta.type</key>
<value>operation</value>
</meta>
<meta>
<key>task.meta.label</key>
<value>Leave as Closed</value>
</meta>
<meta>
<key>task.meta.disabled</key>
<value>false</value>
</meta>
</MetaData>
<Attributes/>
</Attribute>
<Attribute id="task.common.operation">
<values>
<value>leave</value>
</values>
<options/>
<MetaData>
<meta>
<key>task.meta.readOnly</key>
<value>true</value>
</meta>
<meta>
<key>task.meta.type</key>
<value>operation</value>
</meta>
<meta>
<key>task.meta.label</key>
<value>Leave as Closed</value>
</meta>
<meta>
<key>task.meta.disabled</key>
<value>false</value>
</meta>
</MetaData>
<Attributes/>
</Attribute>
<Attribute id="task.common.operation-3">
<values>
<value>3</value>
</values>
<options/>
<MetaData>
<meta>
<key>task.meta.readOnly</key>
<value>true</value>
</meta>
<meta>
<key>task.meta.type</key>
<value>operation</value>
</meta>
<meta>
<key>task.meta.label</key>
<value>Reopen Issue</value>
</meta>
<meta>
<key>task.meta.disabled</key>
<value>false</value>
</meta>
</MetaData>
<Attributes/>
</Attribute>
</Attributes>
</Attribute>
</Attributes>
</OldData>
</TaskState>
