<?xml version="1.0" encoding="UTF-8"?><InteractionHistory Id="activity" Version="1"><InteractionEvent Delta="added" EndDate="2012-08-07 15:26:10.84 CST" Interest="1.0" Kind="attention" Navigation="" OriginId="org.eclipse.ui.workbench" StartDate="2012-08-07 15:20:08.920 CST" StructureHandle="none" StructureKind="workingset"/><InteractionEvent Delta="added" EndDate="2012-08-07 16:11:44.594 CST" Interest="1.0" Kind="attention" Navigation="" OriginId="org.eclipse.ui.workbench" StartDate="2012-08-07 16:05:42.500 CST" StructureHandle="none" StructureKind="workingset"/><InteractionEvent Delta="added" EndDate="2012-08-07 20:19:30.530 CST" Interest="1.0" Kind="attention" Navigation="" OriginId="org.eclipse.ui.workbench" StartDate="2012-08-07 20:11:51.19 CST" StructureHandle="none" StructureKind="workingset"/><InteractionEvent Delta="added" EndDate="2012-08-07 21:16:20.327 CST" Interest="1.0" Kind="attention" Navigation="" OriginId="org.eclipse.ui.workbench" StartDate="2012-08-07 21:10:17.33 CST" StructureHandle="none" StructureKind="workingset"/><InteractionEvent Delta="activated" EndDate="2012-08-07 21:16:23.690 CST" Interest="1.0" Kind="command" Navigation="" OriginId="org.eclipse.ui.workbench" StartDate="2012-08-07 21:16:23.690 CST" StructureHandle="https://allaboutknowledge.atlassian.net-10000" StructureKind="activation"/><InteractionEvent Delta="added" EndDate="2012-08-07 21:28:21.818 CST" Interest="1.0" Kind="attention" Navigation="" OriginId="org.eclipse.ui.workbench" StartDate="2012-08-07 21:16:20.327 CST" StructureHandle="https://allaboutknowledge.atlassian.net-10000" StructureKind="timing"/><InteractionEvent Delta="added" EndDate="2012-08-07 22:00:17.522 CST" Interest="1.0" Kind="attention" Navigation="" OriginId="org.eclipse.ui.workbench" StartDate="2012-08-07 21:59:47.473 CST" StructureHandle="https://allaboutknowledge.atlassian.net-10000" StructureKind="timing"/><InteractionEvent Delta="added" EndDate="2012-08-07 22:24:17.836 CST" Interest="1.0" Kind="attention" Navigation="" OriginId="org.eclipse.ui.workbench" StartDate="2012-08-07 22:00:17.522 CST" StructureHandle="https://allaboutknowledge.atlassian.net-10000" StructureKind="timing"/></InteractionHistory>