<?xml version="1.0" encoding="UTF-8" standalone="no"?><TaskList Version="2.0"><Task Active="false" ConnectorKind="jira" CreationDate="2012-08-07 22:24:15.0 +0800" DueDate="" EndDate="2012-08-07 22:25:53.0 +0800" Estimated="0" Handle="https://allaboutknowledge.atlassian.net-10001" IssueURL="https://allaboutknowledge.atlassian.net/browse/AAK-2" Key="AAK-2" Kind="Task" Label="Configure DS on JBoss AS 7.1.1" MarkReadPending="true" ModificationDate="2012-08-07 22:25:53.0 +0800" Notes="" NotifiedIncoming="false" Owner="allaboutknowledge" Priority="P3" Reminded="false" RepositoryUrl="https://allaboutknowledge.atlassian.net" ScheduledEndDate="2012-08-11 23:59:59.999 +0800" ScheduledStartDate="2012-08-05 00:00:00.0 +0800" Stale="false" TaskId="10001" offlineSyncState="SYNCHRONIZED"><Attribute Key="isSubtaskType">false</Attribute><Attribute Key="task.common.product">10000</Attribute></Task><Task Active="true" ConnectorKind="jira" CreationDate="2012-08-07 21:15:37.0 +0800" DueDate="" EndDate="2012-08-07 23:12:52.0 +0800" Estimated="0" Handle="https://allaboutknowledge.atlassian.net-10000" IssueURL="https://allaboutknowledge.atlassian.net/browse/AAK-1" Key="AAK-1" Kind="Task" Label="Create JPA project" MarkReadPending="true" ModificationDate="2012-08-07 23:12:52.0 +0800" Notes="" NotifiedIncoming="false" Owner="allaboutknowledge" Priority="P2" Reminded="false" RepositoryUrl="https://allaboutknowledge.atlassian.net" ScheduledEndDate="2012-08-11 23:59:59.999 +0800" ScheduledStartDate="2012-08-05 00:00:00.0 +0800" Stale="false" TaskId="10000" offlineSyncState="SYNCHRONIZED"><Attribute Key="isSubtaskType">false</Attribute><Attribute Key="task.common.product">10000</Attribute></Task><TaskCategory Handle="handle-1" Name="Database"/><TaskCategory Handle="Uncategorized" Name="Uncategorized"/></TaskList>