<?xml version="1.0" encoding="UTF-8"?><InteractionHistory Id="https://allaboutknowledge.atlassian.net-10000" Version="1"><InteractionEvent Delta="null" EndDate="2012-08-08 07:45:27.904 CST" Interest="503.365" Kind="propagation" Navigation="org.eclipse.mylyn.core.model.edges.containment" OriginId="org.eclipse.mylyn.core.model.interest.propagation" StartDate="2012-08-07 22:11:28.305 CST" StructureHandle="" StructureKind="java" NumEvents="343" CreationCount="156"/><InteractionEvent Delta="null" EndDate="2012-08-08 00:14:23.262 CST" Interest="2.0" Kind="propagation" Navigation="null" OriginId="org.eclipse.mylyn.resources.ui.interest.updater" StartDate="2012-08-07 23:10:34.460 CST" StructureHandle="/allaboutknowledge-jpa/src/chens/net/allaboutknowledge/jpa/model/Role.java" StructureKind="resource" NumEvents="2" CreationCount="331"/><InteractionEvent Delta="null" EndDate="2012-08-07 23:10:31.215 CST" Interest="1.0" Kind="propagation" Navigation="null" OriginId="org.eclipse.mylyn.resources.ui.interest.updater" StartDate="2012-08-07 23:10:31.215 CST" StructureHandle="/allaboutknowledge-jpa/src/chens/net/allaboutknowledge/jpa/model/Country.java" StructureKind="resource"/><InteractionEvent Delta="null" EndDate="2012-08-07 22:35:20.6 CST" Interest="6.0" Kind="propagation" Navigation="null" OriginId="org.eclipse.ui.navigator.ProjectExplorer" StartDate="2012-08-07 22:11:29.62 CST" StructureHandle="/allaboutknowledge-ear" StructureKind="resource" NumEvents="6" CreationCount="160"/><InteractionEvent Delta="null" EndDate="2012-08-07 23:52:31.226 CST" Interest="188.0" Kind="propagation" Navigation="null" OriginId="org.eclipse.jdt.ui.CompilationUnitEditor" StartDate="2012-08-07 23:38:29.783 CST" StructureHandle="/allaboutknowledge-jpa/src/chens/net/allaboutknowledge/jpa/impl/JpaResource.java" StructureKind="resource" NumEvents="188" CreationCount="346"/><InteractionEvent Delta="null" EndDate="2012-08-07 23:10:31.214 CST" Interest="1.0" Kind="propagation" Navigation="null" OriginId="org.eclipse.mylyn.resources.ui.interest.updater" StartDate="2012-08-07 23:10:31.214 CST" StructureHandle="=allaboutknowledge-jpa/src&amp;lt;chens.net.allaboutknowledge.jpa.model{Education.java" StructureKind="java"/><InteractionEvent Delta="null" EndDate="2012-08-07 22:04:46.210 CST" Interest="4.0" Kind="propagation" Navigation="null" OriginId="org.eclipse.ui.navigator.ProjectExplorer" StartDate="2012-08-07 22:00:35.900 CST" StructureHandle="/allaboutknowledge-jpa/src/chens/net/allaboutknowledge/jpa/entity/Status.java" StructureKind="resource" NumEvents="4" CreationCount="2"/><InteractionEvent Delta="null" EndDate="2012-08-07 22:04:50.848 CST" Interest="13.0" Kind="propagation" Navigation="null" OriginId="org.eclipse.ui.navigator.ProjectExplorer" StartDate="2012-08-07 22:01:21.738 CST" StructureHandle="/allaboutknowledge-jpa/src/chens/net/allaboutknowledge/jpa/entity/Package.java" StructureKind="resource" NumEvents="13" CreationCount="6"/><InteractionEvent Delta="null" EndDate="2012-08-07 23:52:29.524 CST" Interest="68.23301" Kind="propagation" Navigation="org.eclipse.mylyn.core.model.edges.containment" OriginId="org.eclipse.mylyn.core.model.interest.propagation" StartDate="2012-08-07 21:59:23.134 CST" StructureHandle="=allaboutknowledge-jpa/src" StructureKind="java" NumEvents="117" CreationCount="1"/><InteractionEvent Delta="null" EndDate="2012-08-07 23:37:41.805 CST" Interest="3.0" Kind="selection" Navigation="null" OriginId="org.eclipse.ui.navigator.ProjectExplorer" StartDate="2012-08-07 22:19:10.145 CST" StructureHandle="=allaboutknowledge-jpa/src" StructureKind="java" NumEvents="3" CreationCount="1"/><InteractionEvent Delta="null" EndDate="2012-08-07 22:04:46.195 CST" Interest="3.0" Kind="propagation" Navigation="null" OriginId="org.eclipse.ui.navigator.ProjectExplorer" StartDate="2012-08-07 22:03:08.813 CST" StructureHandle="/allaboutknowledge-jpa/src/chens/net/allaboutknowledge/jpa/entity/Packagedesc.java" StructureKind="resource" NumEvents="3" CreationCount="52"/><InteractionEvent Delta="null" EndDate="2012-08-07 23:09:13.225 CST" Interest="53.0" Kind="propagation" Navigation="null" OriginId="org.eclipse.ui.navigator.ProjectExplorer" StartDate="2012-08-07 22:34:02.790 CST" StructureHandle="/allaboutknowledge-jpa/src/chens/net/allaboutknowledge/jpa/sequence/UUIDSequence.java" StructureKind="resource" NumEvents="53" CreationCount="169"/><InteractionEvent Delta="null" EndDate="2012-08-07 22:04:46.203 CST" Interest="3.0" Kind="selection" Navigation="null" OriginId="org.eclipse.ui.navigator.ProjectExplorer" StartDate="2012-08-07 22:03:08.821 CST" StructureHandle="=allaboutknowledge-jpa/src&amp;lt;chens.net.allaboutknowledge.jpa.entity{Ranking.java" StructureKind="java" NumEvents="3" CreationCount="5"/><InteractionEvent Delta="null" EndDate="2012-08-07 22:01:13.898 CST" Interest="1.0" Kind="prediction" Navigation="null" OriginId="org.eclipse.mylyn.resources.ui.interest.updater" StartDate="2012-08-07 22:01:13.898 CST" StructureHandle="=allaboutknowledge-jpa/src&amp;lt;chens.net.allaboutknowledge.jpa.entity{Ranking.java" StructureKind="java"/><InteractionEvent Delta="null" EndDate="2012-08-07 22:04:46.196 CST" Interest="3.0" Kind="selection" Navigation="null" OriginId="org.eclipse.ui.navigator.ProjectExplorer" StartDate="2012-08-07 22:03:08.814 CST" StructureHandle="=allaboutknowledge-jpa/src&amp;lt;chens.net.allaboutknowledge.jpa.entity{Personaldesc.java" StructureKind="java" NumEvents="3" CreationCount="5"/><InteractionEvent Delta="null" EndDate="2012-08-07 22:01:13.898 CST" Interest="1.0" Kind="prediction" Navigation="null" OriginId="org.eclipse.mylyn.resources.ui.interest.updater" StartDate="2012-08-07 22:01:13.898 CST" StructureHandle="=allaboutknowledge-jpa/src&amp;lt;chens.net.allaboutknowledge.jpa.entity{Personaldesc.java" StructureKind="java"/><InteractionEvent Delta="null" EndDate="2012-08-08 08:17:02.521 CST" Interest="70.0" Kind="propagation" Navigation="null" OriginId="org.eclipse.jdt.ui.PackageExplorer" StartDate="2012-08-07 22:59:15.179 CST" StructureHandle="/allaboutknowledge-web/src/chens/net/allaboutknowledge/web/action/HomeAction.java" StructureKind="resource" NumEvents="70" CreationCount="221"/><InteractionEvent Delta="null" EndDate="2012-08-07 22:08:13.907 CST" Interest="8.0" Kind="selection" Navigation="null" OriginId="org.eclipse.jdt.ui.CompilationUnitEditor" StartDate="2012-08-07 22:03:08.804 CST" StructureHandle="=allaboutknowledge-jpa/src&amp;lt;chens.net.allaboutknowledge.jpa.entity{MemberHasRole.java" StructureKind="java" NumEvents="8" CreationCount="45"/><InteractionEvent Delta="null" EndDate="2012-08-07 23:10:31.211 CST" Interest="1.0" Kind="propagation" Navigation="null" OriginId="org.eclipse.mylyn.resources.ui.interest.updater" StartDate="2012-08-07 23:10:31.211 CST" StructureHandle="=allaboutknowledge-jpa/src&amp;lt;chens.net.allaboutknowledge.jpa.model{Country.java" StructureKind="java"/><InteractionEvent Delta="null" EndDate="2012-08-07 22:04:46.186 CST" Interest="3.0" Kind="propagation" Navigation="null" OriginId="org.eclipse.ui.navigator.ProjectExplorer" StartDate="2012-08-07 22:03:08.803 CST" StructureHandle="/allaboutknowledge-jpa/src/chens/net/allaboutknowledge/jpa/entity/MemberHasMessenger.java" StructureKind="resource" NumEvents="3" CreationCount="44"/><InteractionEvent Delta="null" EndDate="2012-08-08 08:16:49.646 CST" Interest="7.7" Kind="propagation" Navigation="org.eclipse.mylyn.core.model.edges.containment" OriginId="org.eclipse.mylyn.core.model.interest.propagation" StartDate="2012-08-08 08:15:33.218 CST" StructureHandle="/allaboutknowledge-web/WebContent" StructureKind="resource" NumEvents="8" CreationCount="614"/><InteractionEvent Delta="null" EndDate="2012-08-07 23:08:06.887 CST" Interest="10.0" Kind="edit" Navigation="null" OriginId="org.eclipse.jdt.ui.CompilationUnitEditor" StartDate="2012-08-07 23:08:04.545 CST" StructureHandle="=allaboutknowledge-jpa/src&amp;lt;chens.net.allaboutknowledge.jpa.sequence{UUIDSequence.java[UUIDSequence~customize~QSession;" StructureKind="java" NumEvents="10" CreationCount="263"/><InteractionEvent Delta="null" EndDate="2012-08-07 23:08:02.894 CST" Interest="1.0" Kind="selection" Navigation="null" OriginId="org.eclipse.ui.views.ContentOutline" StartDate="2012-08-07 23:08:02.894 CST" StructureHandle="=allaboutknowledge-jpa/src&amp;lt;chens.net.allaboutknowledge.jpa.sequence{UUIDSequence.java[UUIDSequence~customize~QSession;" StructureKind="java"/><InteractionEvent Delta="null" EndDate="2012-08-08 00:07:25.444 CST" Interest="4.0" Kind="edit" Navigation="null" OriginId="org.eclipse.jdt.ui.CompilationUnitEditor" StartDate="2012-08-08 00:07:20.951 CST" StructureHandle="=allaboutknowledge-jpa/src&amp;lt;chens.net.allaboutknowledge.jpa.model{Memberparticipatequestion.java[Memberparticipatequestion^markedasanswer" StructureKind="java" NumEvents="4" CreationCount="626"/><InteractionEvent Delta="null" EndDate="2012-08-08 00:07:20.436 CST" Interest="1.0" Kind="selection" Navigation="null" OriginId="org.eclipse.jdt.ui.CompilationUnitEditor" StartDate="2012-08-08 00:07:20.436 CST" StructureHandle="=allaboutknowledge-jpa/src&amp;lt;chens.net.allaboutknowledge.jpa.model{Memberparticipatequestion.java[Memberparticipatequestion^markedasanswer" StructureKind="java"/><InteractionEvent Delta="null" EndDate="2012-08-07 22:04:46.191 CST" Interest="3.0" Kind="propagation" Navigation="null" OriginId="org.eclipse.ui.navigator.ProjectExplorer" StartDate="2012-08-07 22:03:08.808 CST" StructureHandle="/allaboutknowledge-jpa/src/chens/net/allaboutknowledge/jpa/entity/MembermonitquestionPK.java" StructureKind="resource" NumEvents="3" CreationCount="48"/><InteractionEvent Delta="null" EndDate="2012-08-07 23:10:31.213 CST" Interest="1.0" Kind="propagation" Navigation="null" OriginId="org.eclipse.mylyn.resources.ui.interest.updater" StartDate="2012-08-07 23:10:31.213 CST" StructureHandle="=allaboutknowledge-jpa/src&amp;lt;chens.net.allaboutknowledge.jpa.model{Educationlevel.java" StructureKind="java"/><InteractionEvent Delta="null" EndDate="2012-08-07 22:04:46.193 CST" Interest="3.0" Kind="propagation" Navigation="null" OriginId="org.eclipse.ui.navigator.ProjectExplorer" StartDate="2012-08-07 22:03:08.810 CST" StructureHandle="/allaboutknowledge-jpa/src/chens/net/allaboutknowledge/jpa/entity/Messenger.java" StructureKind="resource" NumEvents="3" CreationCount="50"/><InteractionEvent Delta="null" EndDate="2012-08-08 08:03:23.929 CST" Interest="733.0" Kind="propagation" Navigation="null" OriginId="org.eclipse.ui.navigator.ProjectExplorer" StartDate="2012-08-07 21:59:23.134 CST" StructureHandle="/" StructureKind="resource" NumEvents="733" CreationCount="1"/><InteractionEvent Delta="null" EndDate="2012-08-07 23:10:32.674 CST" Interest="1.0" Kind="propagation" Navigation="null" OriginId="org.eclipse.mylyn.resources.ui.interest.updater" StartDate="2012-08-07 23:10:32.674 CST" StructureHandle="=allaboutknowledge-jpa/src&amp;lt;chens.net.allaboutknowledge.jpa.model{MemberHasMessenger.java" StructureKind="java"/><InteractionEvent Delta="null" EndDate="2012-08-07 23:10:32.676 CST" Interest="1.0" Kind="propagation" Navigation="null" OriginId="org.eclipse.mylyn.resources.ui.interest.updater" StartDate="2012-08-07 23:10:32.676 CST" StructureHandle="/allaboutknowledge-jpa/src/chens/net/allaboutknowledge/jpa/model/Employeement.java" StructureKind="resource"/><InteractionEvent Delta="null" EndDate="2012-08-08 08:17:02.522 CST" Interest="70.0" Kind="propagation" Navigation="org.eclipse.mylyn.core.model.edges.containment" OriginId="org.eclipse.mylyn.core.model.interest.propagation" StartDate="2012-08-07 22:59:15.180 CST" StructureHandle="/allaboutknowledge-web/src/chens/net" StructureKind="resource" NumEvents="70" CreationCount="221"/><InteractionEvent Delta="null" EndDate="2012-08-07 23:58:22.422 CST" Interest="1.0" Kind="prediction" Navigation="null" OriginId="org.eclipse.mylyn.resources.ui.interest.updater" StartDate="2012-08-07 23:58:22.422 CST" StructureHandle="=allaboutknowledge-jpa/src&amp;lt;chens.net.allaboutknowledge.jpa.model{Pricepackage.java" StructureKind="java"/><InteractionEvent Delta="null" EndDate="2012-08-07 23:10:32.687 CST" Interest="1.0" Kind="propagation" Navigation="null" OriginId="org.eclipse.mylyn.resources.ui.interest.updater" StartDate="2012-08-07 23:10:32.687 CST" StructureHandle="/allaboutknowledge-jpa/src/chens/net/allaboutknowledge/jpa/model/MemberHasRole.java" StructureKind="resource"/><InteractionEvent Delta="null" EndDate="2012-08-07 22:04:46.190 CST" Interest="3.0" Kind="propagation" Navigation="null" OriginId="org.eclipse.ui.navigator.ProjectExplorer" StartDate="2012-08-07 22:03:08.807 CST" StructureHandle="/allaboutknowledge-jpa/src/chens/net/allaboutknowledge/jpa/entity/Membermonitquestion.java" StructureKind="resource" NumEvents="3" CreationCount="47"/><InteractionEvent Delta="null" EndDate="2012-08-07 22:16:09.574 CST" Interest="1.0" Kind="propagation" Navigation="org.eclipse.mylyn.core.model.edges.containment" OriginId="org.eclipse.mylyn.core.model.interest.propagation" StartDate="2012-08-07 22:16:09.574 CST" StructureHandle="=allaboutknowledge-jpa/src&amp;lt;chens.net.allaboutknowledge.jpa.entity{Accountvalidation.java[Accountvalidation" StructureKind="java"/><InteractionEvent Delta="null" EndDate="2012-08-07 23:10:34.458 CST" Interest="1.0" Kind="propagation" Navigation="null" OriginId="org.eclipse.mylyn.resources.ui.interest.updater" StartDate="2012-08-07 23:10:34.458 CST" StructureHandle="=allaboutknowledge-jpa/src&amp;lt;chens.net.allaboutknowledge.jpa.model{Status.java" StructureKind="java"/><InteractionEvent Delta="null" EndDate="2012-08-08 00:14:23.260 CST" Interest="5.0" Kind="prediction" Navigation="null" OriginId="org.eclipse.mylyn.resources.ui.interest.updater" StartDate="2012-08-07 23:58:22.423 CST" StructureHandle="=allaboutknowledge-jpa/src&amp;lt;chens.net.allaboutknowledge.jpa.model{Status.java" StructureKind="java" NumEvents="5" CreationCount="331"/><InteractionEvent Delta="null" EndDate="2012-08-07 22:04:35.600 CST" Interest="2.0" Kind="edit" Navigation="null" OriginId="org.eclipse.jdt.ui.CompilationUnitEditor" StartDate="2012-08-07 22:04:35.85 CST" StructureHandle="=allaboutknowledge-jpa/src&amp;lt;chens.net.allaboutknowledge.jpa.entity{Purchasehistory.java[Purchasehistory^statusBean" StructureKind="java" NumEvents="2" CreationCount="102"/><InteractionEvent Delta="null" EndDate="2012-08-07 22:04:34.947 CST" Interest="1.0" Kind="selection" Navigation="null" OriginId="org.eclipse.jdt.ui.CompilationUnitEditor" StartDate="2012-08-07 22:04:34.947 CST" StructureHandle="=allaboutknowledge-jpa/src&amp;lt;chens.net.allaboutknowledge.jpa.entity{Purchasehistory.java[Purchasehistory^statusBean" StructureKind="java"/><InteractionEvent Delta="null" EndDate="2012-08-07 22:04:46.198 CST" Interest="4.0" Kind="propagation" Navigation="null" OriginId="org.eclipse.ui.navigator.ProjectExplorer" StartDate="2012-08-07 22:01:13.912 CST" StructureHandle="/allaboutknowledge-jpa/src/chens/net/allaboutknowledge/jpa/entity/Personalinfo.java" StructureKind="resource" NumEvents="4" CreationCount="5"/><InteractionEvent Delta="null" EndDate="2012-08-08 00:08:19.427 CST" Interest="2.0" Kind="selection" Navigation="null" OriginId="org.eclipse.jdt.ui.CompilationUnitEditor" StartDate="2012-08-08 00:08:19.42 CST" StructureHandle="=allaboutknowledge-jpa/src&amp;lt;chens.net.allaboutknowledge.jpa.model{Personalhobby.java" StructureKind="java" NumEvents="2" CreationCount="615"/><InteractionEvent Delta="null" EndDate="2012-08-07 23:58:22.423 CST" Interest="1.0" Kind="prediction" Navigation="null" OriginId="org.eclipse.mylyn.resources.ui.interest.updater" StartDate="2012-08-07 23:58:22.423 CST" StructureHandle="=allaboutknowledge-jpa/src&amp;lt;chens.net.allaboutknowledge.jpa.model{Personalhobby.java" StructureKind="java"/><InteractionEvent Delta="null" EndDate="2012-08-07 22:04:46.186 CST" Interest="3.0" Kind="selection" Navigation="null" OriginId="org.eclipse.ui.navigator.ProjectExplorer" StartDate="2012-08-07 22:03:08.803 CST" StructureHandle="=allaboutknowledge-jpa/src&amp;lt;chens.net.allaboutknowledge.jpa.entity{MemberHasMessenger.java" StructureKind="java" NumEvents="3" CreationCount="44"/><InteractionEvent Delta="null" EndDate="2012-08-07 22:27:29.731 CST" Interest="13.0" Kind="selection" Navigation="null" OriginId="org.eclipse.ui.navigator.ProjectExplorer" StartDate="2012-08-07 21:59:23.132 CST" StructureHandle="=allaboutknowledge-jpa/src&amp;lt;chens.net.allaboutknowledge.jpa.entity{Member.java" StructureKind="java" NumEvents="13" CreationCount="1"/><InteractionEvent Delta="null" EndDate="2012-08-08 00:13:07.983 CST" Interest="1.0" Kind="prediction" Navigation="null" OriginId="org.eclipse.mylyn.resources.ui.interest.updater" StartDate="2012-08-08 00:13:07.983 CST" StructureHandle="=allaboutknowledge-jpa/src&amp;lt;chens.net.allaboutknowledge.jpa.model{Packagedesc.java" StructureKind="java"/><InteractionEvent Delta="null" EndDate="2012-08-07 23:10:34.458 CST" Interest="1.0" Kind="propagation" Navigation="null" OriginId="org.eclipse.mylyn.resources.ui.interest.updater" StartDate="2012-08-07 23:10:34.458 CST" StructureHandle="=allaboutknowledge-jpa/src&amp;lt;chens.net.allaboutknowledge.jpa.model{Role.java" StructureKind="java"/><InteractionEvent Delta="null" EndDate="2012-08-08 00:14:23.260 CST" Interest="5.0" Kind="prediction" Navigation="null" OriginId="org.eclipse.mylyn.resources.ui.interest.updater" StartDate="2012-08-07 23:58:22.433 CST" StructureHandle="=allaboutknowledge-jpa/src&amp;lt;chens.net.allaboutknowledge.jpa.model{Role.java" StructureKind="java" NumEvents="5" CreationCount="331"/><InteractionEvent Delta="null" EndDate="2012-08-08 08:16:57.430 CST" Interest="45.0" Kind="edit" Navigation="null" OriginId="org.eclipse.jdt.ui.CompilationUnitEditor" StartDate="2012-08-07 23:46:51.267 CST" StructureHandle="=allaboutknowledge-web/src&amp;lt;chens.net.allaboutknowledge.web.action{HomeAction.java[HomeAction~getStr~QString;" StructureKind="java" NumEvents="45" CreationCount="507"/><InteractionEvent Delta="null" EndDate="2012-08-08 08:17:02.502 CST" Interest="8.0" Kind="selection" Navigation="null" OriginId="org.eclipse.jdt.ui.PackageExplorer" StartDate="2012-08-07 23:46:50.375 CST" StructureHandle="=allaboutknowledge-web/src&amp;lt;chens.net.allaboutknowledge.web.action{HomeAction.java[HomeAction~getStr~QString;" StructureKind="java" NumEvents="8" CreationCount="507"/><InteractionEvent Delta="null" EndDate="2012-08-08 00:14:23.261 CST" Interest="2.0" Kind="propagation" Navigation="null" OriginId="org.eclipse.mylyn.resources.ui.interest.updater" StartDate="2012-08-07 23:10:34.458 CST" StructureHandle="/allaboutknowledge-jpa/src/chens/net/allaboutknowledge/jpa/model/Status.java" StructureKind="resource" NumEvents="2" CreationCount="331"/><InteractionEvent Delta="null" EndDate="2012-08-07 23:10:31.212 CST" Interest="1.0" Kind="propagation" Navigation="null" OriginId="org.eclipse.mylyn.resources.ui.interest.updater" StartDate="2012-08-07 23:10:31.212 CST" StructureHandle="=allaboutknowledge-jpa/src&amp;lt;chens.net.allaboutknowledge.jpa.model{Category.java" StructureKind="java"/><InteractionEvent Delta="null" EndDate="2012-08-07 23:52:01.270 CST" Interest="15.0" Kind="edit" Navigation="null" OriginId="org.eclipse.jdt.ui.CompilationUnitEditor" StartDate="2012-08-07 23:38:38.351 CST" StructureHandle="=allaboutknowledge-jpa/src&amp;lt;chens.net.allaboutknowledge.jpa.impl{JpaResource.java[JpaResource" StructureKind="java" NumEvents="15" CreationCount="350"/><InteractionEvent Delta="null" EndDate="2012-08-07 23:51:52.453 CST" Interest="47.8" Kind="propagation" Navigation="org.eclipse.mylyn.core.model.edges.containment" OriginId="org.eclipse.mylyn.core.model.interest.propagation" StartDate="2012-08-07 23:38:34.689 CST" StructureHandle="=allaboutknowledge-jpa/src&amp;lt;chens.net.allaboutknowledge.jpa.impl{JpaResource.java[JpaResource" StructureKind="java" NumEvents="68" CreationCount="350"/><InteractionEvent Delta="null" EndDate="2012-08-07 23:51:58.212 CST" Interest="7.0" Kind="selection" Navigation="null" OriginId="org.eclipse.jdt.ui.CompilationUnitEditor" StartDate="2012-08-07 23:38:36.460 CST" StructureHandle="=allaboutknowledge-jpa/src&amp;lt;chens.net.allaboutknowledge.jpa.impl{JpaResource.java[JpaResource" StructureKind="java" NumEvents="7" CreationCount="350"/><InteractionEvent Delta="null" EndDate="2012-08-07 23:10:32.685 CST" Interest="1.0" Kind="propagation" Navigation="null" OriginId="org.eclipse.mylyn.resources.ui.interest.updater" StartDate="2012-08-07 23:10:32.685 CST" StructureHandle="/allaboutknowledge-jpa/src/chens/net/allaboutknowledge/jpa/model/Emailformat.java" StructureKind="resource"/><InteractionEvent Delta="null" EndDate="2012-08-07 23:06:05.965 CST" Interest="2.0" Kind="edit" Navigation="null" OriginId="org.eclipse.jdt.ui.CompilationUnitEditor" StartDate="2012-08-07 23:06:03.286 CST" StructureHandle="=allaboutknowledge-jpa/src&amp;lt;chens.net.allaboutknowledge.jpa.sequence{UUIDSequence.java" StructureKind="java" NumEvents="2" CreationCount="231"/><InteractionEvent Delta="null" EndDate="2012-08-07 23:08:45.682 CST" Interest="8.780002" Kind="propagation" Navigation="org.eclipse.mylyn.core.model.edges.containment" OriginId="org.eclipse.mylyn.core.model.interest.propagation" StartDate="2012-08-07 23:06:02.599 CST" StructureHandle="=allaboutknowledge-jpa/src&amp;lt;chens.net.allaboutknowledge.jpa.sequence{UUIDSequence.java" StructureKind="java" NumEvents="14" CreationCount="231"/><InteractionEvent Delta="null" EndDate="2012-08-07 23:09:13.224 CST" Interest="4.0" Kind="selection" Navigation="null" OriginId="org.eclipse.ui.navigator.ProjectExplorer" StartDate="2012-08-07 23:06:02.928 CST" StructureHandle="=allaboutknowledge-jpa/src&amp;lt;chens.net.allaboutknowledge.jpa.sequence{UUIDSequence.java" StructureKind="java" NumEvents="4" CreationCount="231"/><InteractionEvent Delta="null" EndDate="2012-08-07 23:07:04.347 CST" Interest="1.0" Kind="selection" Navigation="null" OriginId="org.eclipse.jdt.ui.CompilationUnitEditor" StartDate="2012-08-07 23:07:04.347 CST" StructureHandle="=allaboutknowledge-jpa/src&amp;lt;chens.net.allaboutknowledge.jpa.sequence{UUIDSequence.java[UUIDSequence~UUIDSequence~QString;" StructureKind="java"/><InteractionEvent Delta="null" EndDate="2012-08-07 23:10:32.673 CST" Interest="1.0" Kind="propagation" Navigation="null" OriginId="org.eclipse.mylyn.resources.ui.interest.updater" StartDate="2012-08-07 23:10:32.673 CST" StructureHandle="=allaboutknowledge-jpa/src&amp;lt;chens.net.allaboutknowledge.jpa.model{Experienceyear.java" StructureKind="java"/><InteractionEvent Delta="null" EndDate="2012-08-07 23:10:31.214 CST" Interest="1.0" Kind="propagation" Navigation="null" OriginId="org.eclipse.mylyn.resources.ui.interest.updater" StartDate="2012-08-07 23:10:31.214 CST" StructureHandle="=allaboutknowledge-jpa/src&amp;lt;chens.net.allaboutknowledge.jpa.model{Agerange.java" StructureKind="java"/><InteractionEvent Delta="null" EndDate="2012-08-07 22:08:07.130 CST" Interest="7.0" Kind="selection" Navigation="null" OriginId="org.eclipse.jdt.ui.CompilationUnitEditor" StartDate="2012-08-07 22:03:08.805 CST" StructureHandle="=allaboutknowledge-jpa/src&amp;lt;chens.net.allaboutknowledge.jpa.entity{MemberHasRolePK.java" StructureKind="java" NumEvents="7" CreationCount="46"/><InteractionEvent Delta="null" EndDate="2012-08-08 08:16:44.405 CST" Interest="1.0" Kind="edit" Navigation="null" OriginId="org.jboss.tools.jst.jsp.jspeditor.HTMLTextEditor" StartDate="2012-08-08 08:16:44.405 CST" StructureHandle="/allaboutknowledge-web/WebContent/index.htm" StructureKind="resource"/><InteractionEvent Delta="null" EndDate="2012-08-08 08:16:49.646 CST" Interest="7.0" Kind="selection" Navigation="null" OriginId="org.eclipse.jdt.ui.PackageExplorer" StartDate="2012-08-08 08:15:33.217 CST" StructureHandle="/allaboutknowledge-web/WebContent/index.htm" StructureKind="resource" NumEvents="7" CreationCount="614"/><InteractionEvent Delta="null" EndDate="2012-08-07 23:58:22.433 CST" Interest="1.0" Kind="prediction" Navigation="null" OriginId="org.eclipse.mylyn.resources.ui.interest.updater" StartDate="2012-08-07 23:58:22.433 CST" StructureHandle="=allaboutknowledge-jpa/src&amp;lt;chens.net.allaboutknowledge.jpa.model{Purchasehistory.java" StructureKind="java"/><InteractionEvent Delta="null" EndDate="2012-08-07 22:04:46.197 CST" Interest="3.0" Kind="selection" Navigation="null" OriginId="org.eclipse.ui.navigator.ProjectExplorer" StartDate="2012-08-07 22:03:08.816 CST" StructureHandle="=allaboutknowledge-jpa/src&amp;lt;chens.net.allaboutknowledge.jpa.entity{Personalhobby.java" StructureKind="java" NumEvents="3" CreationCount="5"/><InteractionEvent Delta="null" EndDate="2012-08-07 22:01:13.902 CST" Interest="1.0" Kind="prediction" Navigation="null" OriginId="org.eclipse.mylyn.resources.ui.interest.updater" StartDate="2012-08-07 22:01:13.902 CST" StructureHandle="=allaboutknowledge-jpa/src&amp;lt;chens.net.allaboutknowledge.jpa.entity{Personalhobby.java" StructureKind="java"/><InteractionEvent Delta="null" EndDate="2012-08-08 08:17:02.523 CST" Interest="71.0" Kind="propagation" Navigation="null" OriginId="org.eclipse.jdt.ui.PackageExplorer" StartDate="2012-08-07 22:59:15.180 CST" StructureHandle="/allaboutknowledge-web/src" StructureKind="resource" NumEvents="71" CreationCount="221"/><InteractionEvent Delta="null" EndDate="2012-08-07 22:02:03.85 CST" Interest="12.0" Kind="edit" Navigation="null" OriginId="org.eclipse.jdt.ui.CompilationUnitEditor" StartDate="2012-08-07 22:02:00.738 CST" StructureHandle="=allaboutknowledge-jpa/src&amp;lt;chens.net.allaboutknowledge.jpa.entity{Accounttype.java[Accounttype" StructureKind="java" NumEvents="12" CreationCount="14"/><InteractionEvent Delta="null" EndDate="2012-08-07 22:02:00.706 CST" Interest="1.0" Kind="selection" Navigation="null" OriginId="org.eclipse.jdt.ui.CompilationUnitEditor" StartDate="2012-08-07 22:02:00.706 CST" StructureHandle="=allaboutknowledge-jpa/src&amp;lt;chens.net.allaboutknowledge.jpa.entity{Accounttype.java[Accounttype" StructureKind="java"/><InteractionEvent Delta="null" EndDate="2012-08-07 23:52:31.227 CST" Interest="194.84799" Kind="propagation" Navigation="org.eclipse.mylyn.core.model.edges.containment" OriginId="org.eclipse.mylyn.core.model.interest.propagation" StartDate="2012-08-07 21:59:23.133 CST" StructureHandle="/allaboutknowledge-jpa/src/chens/net" StructureKind="resource" NumEvents="196" CreationCount="1"/><InteractionEvent Delta="null" EndDate="2012-08-08 00:13:07.984 CST" Interest="1.0" Kind="propagation" Navigation="null" OriginId="org.eclipse.mylyn.resources.ui.interest.updater" StartDate="2012-08-08 00:13:07.984 CST" StructureHandle="/allaboutknowledge-jpa/src/chens/net/allaboutknowledge/jpa/model/Packagedesc.java" StructureKind="resource"/><InteractionEvent Delta="null" EndDate="2012-08-07 23:58:22.435 CST" Interest="1.0" Kind="propagation" Navigation="null" OriginId="org.eclipse.mylyn.resources.ui.interest.updater" StartDate="2012-08-07 23:58:22.435 CST" StructureHandle="/allaboutknowledge-jpa/src/chens/net/allaboutknowledge/jpa/model/Pricepackage.java" StructureKind="resource"/><InteractionEvent Delta="null" EndDate="2012-08-07 23:10:31.224 CST" Interest="1.0" Kind="propagation" Navigation="null" OriginId="org.eclipse.mylyn.resources.ui.interest.updater" StartDate="2012-08-07 23:10:31.224 CST" StructureHandle="/allaboutknowledge-jpa/src/chens/net/allaboutknowledge/jpa/model/Accounttype.java" StructureKind="resource"/><InteractionEvent Delta="null" EndDate="2012-08-07 23:58:22.434 CST" Interest="1.0" Kind="propagation" Navigation="null" OriginId="org.eclipse.mylyn.resources.ui.interest.updater" StartDate="2012-08-07 23:58:22.434 CST" StructureHandle="/allaboutknowledge-jpa/src/chens/net/allaboutknowledge/jpa/model/Ranking.java" StructureKind="resource"/><InteractionEvent Delta="null" EndDate="2012-08-07 23:10:32.675 CST" Interest="1.0" Kind="propagation" Navigation="null" OriginId="org.eclipse.mylyn.resources.ui.interest.updater" StartDate="2012-08-07 23:10:32.675 CST" StructureHandle="=allaboutknowledge-jpa/src&amp;lt;chens.net.allaboutknowledge.jpa.model{MemberHasRole.java" StructureKind="java"/><InteractionEvent Delta="null" EndDate="2012-08-07 23:58:35.613 CST" Interest="98.0" Kind="edit" Navigation="null" OriginId="org.eclipse.jpt.jpa.ui.internal.editors.PersistenceEditor" StartDate="2012-08-07 22:04:57.951 CST" StructureHandle="/allaboutknowledge-jpa/src/META-INF/persistence.xml" StructureKind="resource" NumEvents="98" CreationCount="2"/><InteractionEvent Delta="null" EndDate="2012-08-07 23:58:31.610 CST" Interest="21.0" Kind="selection" Navigation="null" OriginId="org.eclipse.jpt.jpa.ui.internal.editors.PersistenceEditor" StartDate="2012-08-07 22:04:55.730 CST" StructureHandle="/allaboutknowledge-jpa/src/META-INF/persistence.xml" StructureKind="resource" NumEvents="21" CreationCount="2"/><InteractionEvent Delta="null" EndDate="2012-08-07 22:04:11.273 CST" Interest="2.0" Kind="prediction" Navigation="null" OriginId="org.eclipse.mylyn.resources.ui.interest.updater" StartDate="2012-08-07 22:00:36.819 CST" StructureHandle="/allaboutknowledge-jpa/src/META-INF/persistence.xml" StructureKind="resource" NumEvents="2" CreationCount="2"/><InteractionEvent Delta="null" EndDate="2012-08-07 22:04:55.730 CST" Interest="0.32900023" Kind="manipulation" Navigation="null" OriginId="org.eclipse.mylyn.core.model.interest.decay.correction" StartDate="2012-08-07 22:04:55.730 CST" StructureHandle="/allaboutknowledge-jpa/src/META-INF/persistence.xml" StructureKind="resource"/><InteractionEvent Delta="null" EndDate="2012-08-07 23:09:13.225 CST" Interest="14.234002" Kind="propagation" Navigation="org.eclipse.mylyn.core.model.edges.containment" OriginId="org.eclipse.mylyn.core.model.interest.propagation" StartDate="2012-08-07 22:34:02.791 CST" StructureHandle="=allaboutknowledge-jpa/src&amp;lt;chens.net.allaboutknowledge.jpa.sequence" StructureKind="java" NumEvents="25" CreationCount="169"/><InteractionEvent Delta="null" EndDate="2012-08-07 23:05:49.904 CST" Interest="1.0" Kind="selection" Navigation="null" OriginId="org.eclipse.ui.navigator.ProjectExplorer" StartDate="2012-08-07 23:05:49.904 CST" StructureHandle="=allaboutknowledge-jpa/src&amp;lt;chens.net.allaboutknowledge.jpa.sequence" StructureKind="java"/><InteractionEvent Delta="null" EndDate="2012-08-08 08:17:02.523 CST" Interest="48.105" Kind="propagation" Navigation="org.eclipse.mylyn.core.model.edges.containment" OriginId="org.eclipse.mylyn.core.model.interest.propagation" StartDate="2012-08-07 23:47:19.45 CST" StructureHandle="=allaboutknowledge-web" StructureKind="resource" NumEvents="50" CreationCount="156"/><InteractionEvent Delta="null" EndDate="2012-08-08 08:03:23.928 CST" Interest="24.0" Kind="selection" Navigation="null" OriginId="org.eclipse.ui.navigator.ProjectExplorer" StartDate="2012-08-07 22:11:28.304 CST" StructureHandle="=allaboutknowledge-web" StructureKind="java" NumEvents="24" CreationCount="156"/><InteractionEvent Delta="null" EndDate="2012-08-08 00:00:27.981 CST" Interest="1.0" Kind="selection" Navigation="null" OriginId="org.eclipse.jdt.ui.CompilationUnitEditor" StartDate="2012-08-08 00:00:27.981 CST" StructureHandle="=allaboutknowledge-jpa/src&amp;lt;chens.net.allaboutknowledge.jpa.model{Memberparticipatequestion.java[Memberparticipatequestion^comment" StructureKind="java"/><InteractionEvent Delta="null" EndDate="2012-08-07 23:10:32.683 CST" Interest="1.0" Kind="propagation" Navigation="null" OriginId="org.eclipse.mylyn.resources.ui.interest.updater" StartDate="2012-08-07 23:10:32.683 CST" StructureHandle="/allaboutknowledge-jpa/src/chens/net/allaboutknowledge/jpa/model/MemberHasMessenger.java" StructureKind="resource"/><InteractionEvent Delta="null" EndDate="2012-08-07 23:51:52.453 CST" Interest="78.0" Kind="edit" Navigation="null" OriginId="org.eclipse.jdt.ui.CompilationUnitEditor" StartDate="2012-08-07 23:40:21.444 CST" StructureHandle="=allaboutknowledge-jpa/src&amp;lt;chens.net.allaboutknowledge.jpa.impl{JpaResource.java[JpaResource~main~\[QString;" StructureKind="java" NumEvents="78" CreationCount="350"/><InteractionEvent Delta="null" EndDate="2012-08-07 23:51:52.442 CST" Interest="9.0" Kind="selection" Navigation="null" OriginId="org.eclipse.jdt.ui.CompilationUnitEditor" StartDate="2012-08-07 23:38:34.689 CST" StructureHandle="=allaboutknowledge-jpa/src&amp;lt;chens.net.allaboutknowledge.jpa.impl{JpaResource.java[JpaResource~main~\[QString;" StructureKind="java" NumEvents="9" CreationCount="350"/><InteractionEvent Delta="null" EndDate="2012-08-07 22:04:46.192 CST" Interest="3.0" Kind="propagation" Navigation="null" OriginId="org.eclipse.ui.navigator.ProjectExplorer" StartDate="2012-08-07 22:03:08.809 CST" StructureHandle="/allaboutknowledge-jpa/src/chens/net/allaboutknowledge/jpa/entity/Memberparticipatequestion.java" StructureKind="resource" NumEvents="3" CreationCount="49"/><InteractionEvent Delta="null" EndDate="2012-08-08 08:03:23.928 CST" Interest="88.0" Kind="propagation" Navigation="null" OriginId="org.eclipse.ui.navigator.ProjectExplorer" StartDate="2012-08-07 22:11:28.305 CST" StructureHandle="/allaboutknowledge-web" StructureKind="resource" NumEvents="88" CreationCount="156"/><InteractionEvent Delta="null" EndDate="2012-08-08 00:10:14.570 CST" Interest="24.0" Kind="propagation" Navigation="null" OriginId="org.eclipse.jdt.ui.CompilationUnitEditor" StartDate="2012-08-08 00:00:25.9 CST" StructureHandle="/allaboutknowledge-jpa/src/chens/net/allaboutknowledge/jpa/model/Memberparticipatequestion.java" StructureKind="resource" NumEvents="24" CreationCount="619"/><InteractionEvent Delta="null" EndDate="2012-08-07 23:10:32.672 CST" Interest="1.0" Kind="propagation" Navigation="null" OriginId="org.eclipse.mylyn.resources.ui.interest.updater" StartDate="2012-08-07 23:10:32.672 CST" StructureHandle="=allaboutknowledge-jpa/src&amp;lt;chens.net.allaboutknowledge.jpa.model{Employeement.java" StructureKind="java"/><InteractionEvent Delta="null" EndDate="2012-08-07 23:10:31.218 CST" Interest="1.0" Kind="propagation" Navigation="null" OriginId="org.eclipse.mylyn.resources.ui.interest.updater" StartDate="2012-08-07 23:10:31.218 CST" StructureHandle="/allaboutknowledge-jpa/src/chens/net/allaboutknowledge/jpa/model/Category.java" StructureKind="resource"/><InteractionEvent Delta="null" EndDate="2012-08-08 07:45:27.904 CST" Interest="486.85498" Kind="propagation" Navigation="org.eclipse.mylyn.core.model.edges.containment" OriginId="org.eclipse.mylyn.core.model.interest.propagation" StartDate="2012-08-07 22:47:47.649 CST" StructureHandle="=allaboutknowledge-jpa" StructureKind="resource" NumEvents="311" CreationCount="186"/><InteractionEvent Delta="null" EndDate="2012-08-07 23:09:13.562 CST" Interest="16.0" Kind="selection" Navigation="null" OriginId="org.eclipse.ui.navigator.ProjectExplorer" StartDate="2012-08-07 22:53:37.737 CST" StructureHandle="=allaboutknowledge-jpa" StructureKind="java" NumEvents="16" CreationCount="186"/><InteractionEvent Delta="null" EndDate="2012-08-07 23:54:12.270 CST" Interest="4.0" Kind="propagation" Navigation="null" OriginId="org.eclipse.ui.navigator.ProjectExplorer" StartDate="2012-08-07 23:10:32.681 CST" StructureHandle="/allaboutknowledge-jpa/src/chens/net/allaboutknowledge/jpa/model/Gender.java" StructureKind="resource" NumEvents="4" CreationCount="331"/><InteractionEvent Delta="null" EndDate="2012-08-07 23:50:02.881 CST" Interest="2.6720002" Kind="manipulation" Navigation="null" OriginId="org.eclipse.mylyn.core.model.interest.decay.correction" StartDate="2012-08-07 23:50:02.881 CST" StructureHandle="/allaboutknowledge-jpa/src/chens/net/allaboutknowledge/jpa/model/Gender.java" StructureKind="resource"/><InteractionEvent Delta="null" EndDate="2012-08-07 23:58:22.440 CST" Interest="1.0" Kind="propagation" Navigation="null" OriginId="org.eclipse.mylyn.resources.ui.interest.updater" StartDate="2012-08-07 23:58:22.440 CST" StructureHandle="/allaboutknowledge-jpa/src/chens/net/allaboutknowledge/jpa/model/Personaldesc.java" StructureKind="resource"/><InteractionEvent Delta="null" EndDate="2012-08-08 00:07:32.237 CST" Interest="1.0" Kind="edit" Navigation="null" OriginId="org.eclipse.jdt.ui.CompilationUnitEditor" StartDate="2012-08-08 00:07:32.237 CST" StructureHandle="=allaboutknowledge-jpa/src&amp;lt;chens.net.allaboutknowledge.jpa.model{Memberparticipatequestion.java[Memberparticipatequestion~setMarkedasanswer~QObject;" StructureKind="java"/><InteractionEvent Delta="null" EndDate="2012-08-08 00:07:31.704 CST" Interest="1.0" Kind="selection" Navigation="null" OriginId="org.eclipse.jdt.ui.CompilationUnitEditor" StartDate="2012-08-08 00:07:31.704 CST" StructureHandle="=allaboutknowledge-jpa/src&amp;lt;chens.net.allaboutknowledge.jpa.model{Memberparticipatequestion.java[Memberparticipatequestion~setMarkedasanswer~QObject;" StructureKind="java"/><InteractionEvent Delta="null" EndDate="2012-08-07 22:33:50.845 CST" Interest="1.0" Kind="prediction" Navigation="null" OriginId="org.eclipse.mylyn.resources.ui.interest.updater" StartDate="2012-08-07 22:33:50.845 CST" StructureHandle="/allaboutknowledge-jpa/src/META-INF/MANIFEST.MF" StructureKind="resource"/><InteractionEvent Delta="null" EndDate="2012-08-07 23:58:22.448 CST" Interest="1.0" Kind="propagation" Navigation="null" OriginId="org.eclipse.mylyn.resources.ui.interest.updater" StartDate="2012-08-07 23:58:22.448 CST" StructureHandle="/allaboutknowledge-jpa/src/chens/net/allaboutknowledge/jpa/model/Question.java" StructureKind="resource"/><InteractionEvent Delta="null" EndDate="2012-08-07 23:58:22.422 CST" Interest="1.0" Kind="prediction" Navigation="null" OriginId="org.eclipse.mylyn.resources.ui.interest.updater" StartDate="2012-08-07 23:58:22.422 CST" StructureHandle="=allaboutknowledge-jpa/src&amp;lt;chens.net.allaboutknowledge.jpa.model{Personaldesc.java" StructureKind="java"/><InteractionEvent Delta="null" EndDate="2012-08-07 23:10:31.212 CST" Interest="1.0" Kind="propagation" Navigation="null" OriginId="org.eclipse.mylyn.resources.ui.interest.updater" StartDate="2012-08-07 23:10:31.212 CST" StructureHandle="=allaboutknowledge-jpa/src&amp;lt;chens.net.allaboutknowledge.jpa.model{Accountvalidation.java" StructureKind="java"/><InteractionEvent Delta="null" EndDate="2012-08-07 23:56:50.908 CST" Interest="2.0" Kind="selection" Navigation="null" OriginId="org.eclipse.jdt.ui.CompilationUnitEditor" StartDate="2012-08-07 23:56:48.111 CST" StructureHandle="=allaboutknowledge-jpa/src&amp;lt;chens.net.allaboutknowledge.jpa.model{Accountvalidation.java" StructureKind="java" NumEvents="2" CreationCount="331"/><InteractionEvent Delta="null" EndDate="2012-08-07 23:56:48.111 CST" Interest="3.5560002" Kind="manipulation" Navigation="null" OriginId="org.eclipse.mylyn.core.model.interest.decay.correction" StartDate="2012-08-07 23:56:48.111 CST" StructureHandle="=allaboutknowledge-jpa/src&amp;lt;chens.net.allaboutknowledge.jpa.model{Accountvalidation.java" StructureKind="java"/><InteractionEvent Delta="null" EndDate="2012-08-07 23:58:22.450 CST" Interest="1.0" Kind="propagation" Navigation="null" OriginId="org.eclipse.mylyn.resources.ui.interest.updater" StartDate="2012-08-07 23:58:22.450 CST" StructureHandle="/allaboutknowledge-jpa/src/chens/net/allaboutknowledge/jpa/model/Personalinfo.java" StructureKind="resource"/><InteractionEvent Delta="null" EndDate="2012-08-07 23:52:31.227 CST" Interest="194.84799" Kind="propagation" Navigation="org.eclipse.mylyn.core.model.edges.containment" OriginId="org.eclipse.mylyn.core.model.interest.propagation" StartDate="2012-08-07 21:59:23.133 CST" StructureHandle="/allaboutknowledge-jpa/src/chens/net/allaboutknowledge/jpa" StructureKind="resource" NumEvents="196" CreationCount="1"/><InteractionEvent Delta="null" EndDate="2012-08-07 23:10:32.674 CST" Interest="1.0" Kind="propagation" Navigation="null" OriginId="org.eclipse.mylyn.resources.ui.interest.updater" StartDate="2012-08-07 23:10:32.674 CST" StructureHandle="=allaboutknowledge-jpa/src&amp;lt;chens.net.allaboutknowledge.jpa.model{Gender.java" StructureKind="java"/><InteractionEvent Delta="null" EndDate="2012-08-07 23:54:12.269 CST" Interest="3.0" Kind="selection" Navigation="null" OriginId="org.eclipse.ui.navigator.ProjectExplorer" StartDate="2012-08-07 23:50:02.881 CST" StructureHandle="=allaboutknowledge-jpa/src&amp;lt;chens.net.allaboutknowledge.jpa.model{Gender.java" StructureKind="java" NumEvents="3" CreationCount="331"/><InteractionEvent Delta="null" EndDate="2012-08-07 23:50:02.881 CST" Interest="2.6550002" Kind="manipulation" Navigation="null" OriginId="org.eclipse.mylyn.core.model.interest.decay.correction" StartDate="2012-08-07 23:50:02.881 CST" StructureHandle="=allaboutknowledge-jpa/src&amp;lt;chens.net.allaboutknowledge.jpa.model{Gender.java" StructureKind="java"/><InteractionEvent Delta="null" EndDate="2012-08-07 23:40:16.726 CST" Interest="2.0" Kind="selection" Navigation="null" OriginId="org.eclipse.jdt.ui.CompilationUnitEditor" StartDate="2012-08-07 23:39:18.772 CST" StructureHandle="=allaboutknowledge-jpa/src&amp;lt;chens.net.allaboutknowledge.jpa.impl{JpaResource.java[JpaResource^emf" StructureKind="java" NumEvents="2" CreationCount="365"/><InteractionEvent Delta="null" EndDate="2012-08-07 22:04:46.192 CST" Interest="3.0" Kind="selection" Navigation="null" OriginId="org.eclipse.ui.navigator.ProjectExplorer" StartDate="2012-08-07 22:03:08.809 CST" StructureHandle="=allaboutknowledge-jpa/src&amp;lt;chens.net.allaboutknowledge.jpa.entity{Memberparticipatequestion.java" StructureKind="java" NumEvents="3" CreationCount="49"/><InteractionEvent Delta="null" EndDate="2012-08-08 00:08:19.427 CST" Interest="3.0" Kind="propagation" Navigation="null" OriginId="org.eclipse.jdt.ui.CompilationUnitEditor" StartDate="2012-08-07 23:58:22.445 CST" StructureHandle="/allaboutknowledge-jpa/src/chens/net/allaboutknowledge/jpa/model/Personalhobby.java" StructureKind="resource" NumEvents="3" CreationCount="615"/><InteractionEvent Delta="null" EndDate="2012-08-07 23:58:22.422 CST" Interest="1.0" Kind="prediction" Navigation="null" OriginId="org.eclipse.mylyn.resources.ui.interest.updater" StartDate="2012-08-07 23:58:22.422 CST" StructureHandle="=allaboutknowledge-jpa/src&amp;lt;chens.net.allaboutknowledge.jpa.model{Ranking.java" StructureKind="java"/><InteractionEvent Delta="null" EndDate="2012-08-07 22:04:46.196 CST" Interest="4.0" Kind="propagation" Navigation="null" OriginId="org.eclipse.ui.navigator.ProjectExplorer" StartDate="2012-08-07 22:01:13.905 CST" StructureHandle="/allaboutknowledge-jpa/src/chens/net/allaboutknowledge/jpa/entity/Personaldesc.java" StructureKind="resource" NumEvents="4" CreationCount="5"/><InteractionEvent Delta="null" EndDate="2012-08-07 22:26:27.30 CST" Interest="4.0" Kind="edit" Navigation="null" OriginId="org.eclipse.jdt.ui.CompilationUnitEditor" StartDate="2012-08-07 22:17:59.215 CST" StructureHandle="=allaboutknowledge-jpa/src&amp;lt;chens.net.allaboutknowledge.jpa.entity{Member.java[Member" StructureKind="java" NumEvents="4" CreationCount="137"/><InteractionEvent Delta="null" EndDate="2012-08-07 22:20:13.539 CST" Interest="4.0" Kind="selection" Navigation="null" OriginId="org.eclipse.jdt.ui.CompilationUnitEditor" StartDate="2012-08-07 22:14:39.893 CST" StructureHandle="=allaboutknowledge-jpa/src&amp;lt;chens.net.allaboutknowledge.jpa.entity{Member.java[Member" StructureKind="java" NumEvents="4" CreationCount="164"/><InteractionEvent Delta="null" EndDate="2012-08-07 22:35:20.6 CST" Interest="6.0" Kind="selection" Navigation="null" OriginId="org.eclipse.ui.navigator.ProjectExplorer" StartDate="2012-08-07 22:11:29.62 CST" StructureHandle="=allaboutknowledge-ear" StructureKind="java" NumEvents="6" CreationCount="160"/><InteractionEvent Delta="null" EndDate="2012-08-07 23:52:31.228 CST" Interest="190.0" Kind="propagation" Navigation="null" OriginId="org.eclipse.jdt.ui.CompilationUnitEditor" StartDate="2012-08-07 23:38:01.141 CST" StructureHandle="/allaboutknowledge-jpa/src/chens/net/allaboutknowledge/jpa/impl" StructureKind="resource" NumEvents="190" CreationCount="345"/><InteractionEvent Delta="null" EndDate="2012-08-08 08:17:02.522 CST" Interest="45.362" Kind="propagation" Navigation="org.eclipse.mylyn.core.model.edges.containment" OriginId="org.eclipse.mylyn.core.model.interest.propagation" StartDate="2012-08-07 22:59:15.181 CST" StructureHandle="=allaboutknowledge-web/src" StructureKind="java" NumEvents="60" CreationCount="221"/><InteractionEvent Delta="null" EndDate="2012-08-07 22:04:35.600 CST" Interest="2.434" Kind="propagation" Navigation="org.eclipse.mylyn.core.model.edges.containment" OriginId="org.eclipse.mylyn.core.model.interest.propagation" StartDate="2012-08-07 22:04:25.792 CST" StructureHandle="=allaboutknowledge-jpa/src&amp;lt;chens.net.allaboutknowledge.jpa.entity{Purchasehistory.java[Purchasehistory" StructureKind="java" NumEvents="4" CreationCount="100"/><InteractionEvent Delta="null" EndDate="2012-08-07 22:08:07.130 CST" Interest="7.0" Kind="propagation" Navigation="null" OriginId="org.eclipse.jdt.ui.CompilationUnitEditor" StartDate="2012-08-07 22:03:08.805 CST" StructureHandle="/allaboutknowledge-jpa/src/chens/net/allaboutknowledge/jpa/entity/MemberHasRolePK.java" StructureKind="resource" NumEvents="7" CreationCount="46"/><InteractionEvent Delta="null" EndDate="2012-08-07 22:04:46.193 CST" Interest="3.0" Kind="selection" Navigation="null" OriginId="org.eclipse.ui.navigator.ProjectExplorer" StartDate="2012-08-07 22:03:08.810 CST" StructureHandle="=allaboutknowledge-jpa/src&amp;lt;chens.net.allaboutknowledge.jpa.entity{Messenger.java" StructureKind="java" NumEvents="3" CreationCount="50"/><InteractionEvent Delta="null" EndDate="2012-08-07 23:10:31.214 CST" Interest="1.0" Kind="propagation" Navigation="null" OriginId="org.eclipse.mylyn.resources.ui.interest.updater" StartDate="2012-08-07 23:10:31.214 CST" StructureHandle="=allaboutknowledge-jpa/src&amp;lt;chens.net.allaboutknowledge.jpa.model{Accounttype.java" StructureKind="java"/><InteractionEvent Delta="null" EndDate="2012-08-07 22:04:46.175 CST" Interest="3.0" Kind="selection" Navigation="null" OriginId="org.eclipse.ui.navigator.ProjectExplorer" StartDate="2012-08-07 22:03:08.792 CST" StructureHandle="=allaboutknowledge-jpa/src&amp;lt;chens.net.allaboutknowledge.jpa.entity{Country.java" StructureKind="java" NumEvents="3" CreationCount="36"/><InteractionEvent Delta="null" EndDate="2012-08-07 22:04:46.176 CST" Interest="3.0" Kind="propagation" Navigation="null" OriginId="org.eclipse.ui.navigator.ProjectExplorer" StartDate="2012-08-07 22:03:08.794 CST" StructureHandle="/allaboutknowledge-jpa/src/chens/net/allaboutknowledge/jpa/entity/Education.java" StructureKind="resource" NumEvents="3" CreationCount="37"/><InteractionEvent Delta="null" EndDate="2012-08-07 23:13:25.738 CST" Interest="12.0" Kind="propagation" Navigation="null" OriginId="org.eclipse.jdt.ui.CompilationUnitEditor" StartDate="2012-08-07 23:10:32.679 CST" StructureHandle="/allaboutknowledge-jpa/src/chens/net/allaboutknowledge/jpa/model/Member.java" StructureKind="resource" NumEvents="12" CreationCount="331"/><InteractionEvent Delta="null" EndDate="2012-08-07 23:58:22.451 CST" Interest="1.0" Kind="propagation" Navigation="null" OriginId="org.eclipse.mylyn.resources.ui.interest.updater" StartDate="2012-08-07 23:58:22.451 CST" StructureHandle="/allaboutknowledge-jpa/src/chens/net/allaboutknowledge/jpa/model/Purchasehistory.java" StructureKind="resource"/><InteractionEvent Delta="null" EndDate="2012-08-07 22:04:46.201 CST" Interest="3.0" Kind="selection" Navigation="null" OriginId="org.eclipse.ui.navigator.ProjectExplorer" StartDate="2012-08-07 22:03:08.819 CST" StructureHandle="=allaboutknowledge-jpa/src&amp;lt;chens.net.allaboutknowledge.jpa.entity{Question.java" StructureKind="java" NumEvents="3" CreationCount="5"/><InteractionEvent Delta="null" EndDate="2012-08-07 22:01:13.899 CST" Interest="1.0" Kind="prediction" Navigation="null" OriginId="org.eclipse.mylyn.resources.ui.interest.updater" StartDate="2012-08-07 22:01:13.899 CST" StructureHandle="=allaboutknowledge-jpa/src&amp;lt;chens.net.allaboutknowledge.jpa.entity{Question.java" StructureKind="java"/><InteractionEvent Delta="null" EndDate="2012-08-07 22:27:29.731 CST" Interest="21.0" Kind="propagation" Navigation="null" OriginId="org.eclipse.ui.navigator.ProjectExplorer" StartDate="2012-08-07 21:59:23.133 CST" StructureHandle="/allaboutknowledge-jpa/src/chens/net/allaboutknowledge/jpa/entity/Member.java" StructureKind="resource" NumEvents="21" CreationCount="1"/><InteractionEvent Delta="null" EndDate="2012-08-08 00:10:14.454 CST" Interest="6.0" Kind="selection" Navigation="null" OriginId="org.eclipse.jdt.ui.CompilationUnitEditor" StartDate="2012-08-08 00:00:25.9 CST" StructureHandle="=allaboutknowledge-jpa/src&amp;lt;chens.net.allaboutknowledge.jpa.model{Memberparticipatequestion.java" StructureKind="java" NumEvents="6" CreationCount="619"/><InteractionEvent Delta="null" EndDate="2012-08-07 23:51:57.121 CST" Interest="5.0" Kind="edit" Navigation="null" OriginId="org.eclipse.jdt.ui.CompilationUnitEditor" StartDate="2012-08-07 23:41:12.888 CST" StructureHandle="=allaboutknowledge-jpa/src&amp;lt;chens.net.allaboutknowledge.jpa.impl{JpaResource.java[JpaResource~getEMF" StructureKind="java" NumEvents="5" CreationCount="418"/><InteractionEvent Delta="null" EndDate="2012-08-07 23:51:56.581 CST" Interest="3.0" Kind="selection" Navigation="null" OriginId="org.eclipse.jdt.ui.CompilationUnitEditor" StartDate="2012-08-07 23:41:06.807 CST" StructureHandle="=allaboutknowledge-jpa/src&amp;lt;chens.net.allaboutknowledge.jpa.impl{JpaResource.java[JpaResource~getEMF" StructureKind="java" NumEvents="3" CreationCount="418"/><InteractionEvent Delta="null" EndDate="2012-08-08 08:17:02.503 CST" Interest="39.5" Kind="propagation" Navigation="org.eclipse.mylyn.core.model.edges.containment" OriginId="org.eclipse.mylyn.core.model.interest.propagation" StartDate="2012-08-07 23:46:50.375 CST" StructureHandle="=allaboutknowledge-web/src&amp;lt;chens.net.allaboutknowledge.web.action{HomeAction.java[HomeAction" StructureKind="java" NumEvents="53" CreationCount="507"/><InteractionEvent Delta="null" EndDate="2012-08-07 22:04:46.189 CST" Interest="3.0" Kind="selection" Navigation="null" OriginId="org.eclipse.ui.navigator.ProjectExplorer" StartDate="2012-08-07 22:03:08.807 CST" StructureHandle="=allaboutknowledge-jpa/src&amp;lt;chens.net.allaboutknowledge.jpa.entity{Membermonitquestion.java" StructureKind="java" NumEvents="3" CreationCount="47"/><InteractionEvent Delta="null" EndDate="2012-08-07 23:37:26.586 CST" Interest="1.0" Kind="propagation" Navigation="null" OriginId="org.eclipse.ui.navigator.ProjectExplorer" StartDate="2012-08-07 23:37:26.586 CST" StructureHandle="/allaboutknowledge-web/src/chens/net/allaboutknowledge/web/util" StructureKind="resource"/><InteractionEvent Delta="null" EndDate="2012-08-08 08:17:02.522 CST" Interest="70.0" Kind="propagation" Navigation="org.eclipse.mylyn.core.model.edges.containment" OriginId="org.eclipse.mylyn.core.model.interest.propagation" StartDate="2012-08-07 22:59:15.180 CST" StructureHandle="/allaboutknowledge-web/src/chens/net/allaboutknowledge/web" StructureKind="resource" NumEvents="70" CreationCount="221"/><InteractionEvent Delta="null" EndDate="2012-08-07 23:08:45.682 CST" Interest="11.0" Kind="edit" Navigation="null" OriginId="org.eclipse.jdt.ui.CompilationUnitEditor" StartDate="2012-08-07 23:06:12.15 CST" StructureHandle="=allaboutknowledge-jpa/src&amp;lt;chens.net.allaboutknowledge.jpa.sequence{UUIDSequence.java[UUIDSequence" StructureKind="java" NumEvents="11" CreationCount="171"/><InteractionEvent Delta="null" EndDate="2012-08-07 23:07:29.125 CST" Interest="2.5000014" Kind="propagation" Navigation="org.eclipse.mylyn.core.model.edges.containment" OriginId="org.eclipse.mylyn.core.model.interest.propagation" StartDate="2012-08-07 22:34:02.914 CST" StructureHandle="=allaboutknowledge-jpa/src&amp;lt;chens.net.allaboutknowledge.jpa.sequence{UUIDSequence.java[UUIDSequence" StructureKind="java" NumEvents="4" CreationCount="171"/><InteractionEvent Delta="null" EndDate="2012-08-07 23:08:09.884 CST" Interest="4.0" Kind="selection" Navigation="null" OriginId="org.eclipse.jdt.ui.CompilationUnitEditor" StartDate="2012-08-07 23:06:11.703 CST" StructureHandle="=allaboutknowledge-jpa/src&amp;lt;chens.net.allaboutknowledge.jpa.sequence{UUIDSequence.java[UUIDSequence" StructureKind="java" NumEvents="4" CreationCount="171"/><InteractionEvent Delta="null" EndDate="2012-08-07 23:10:32.675 CST" Interest="1.0" Kind="propagation" Navigation="null" OriginId="org.eclipse.mylyn.resources.ui.interest.updater" StartDate="2012-08-07 23:10:32.675 CST" StructureHandle="=allaboutknowledge-jpa/src&amp;lt;chens.net.allaboutknowledge.jpa.model{Emailformat.java" StructureKind="java"/><InteractionEvent Delta="null" EndDate="2012-08-07 22:04:46.195 CST" Interest="3.0" Kind="selection" Navigation="null" OriginId="org.eclipse.ui.navigator.ProjectExplorer" StartDate="2012-08-07 22:03:08.813 CST" StructureHandle="=allaboutknowledge-jpa/src&amp;lt;chens.net.allaboutknowledge.jpa.entity{Packagedesc.java" StructureKind="java" NumEvents="3" CreationCount="52"/><InteractionEvent Delta="null" EndDate="2012-08-07 22:04:46.174 CST" Interest="3.0" Kind="selection" Navigation="null" OriginId="org.eclipse.ui.navigator.ProjectExplorer" StartDate="2012-08-07 22:03:08.791 CST" StructureHandle="=allaboutknowledge-jpa/src&amp;lt;chens.net.allaboutknowledge.jpa.entity{Category.java" StructureKind="java" NumEvents="3" CreationCount="35"/><InteractionEvent Delta="null" EndDate="2012-08-07 22:04:46.174 CST" Interest="3.0" Kind="propagation" Navigation="null" OriginId="org.eclipse.ui.navigator.ProjectExplorer" StartDate="2012-08-07 22:03:08.791 CST" StructureHandle="/allaboutknowledge-jpa/src/chens/net/allaboutknowledge/jpa/entity/Category.java" StructureKind="resource" NumEvents="3" CreationCount="35"/><InteractionEvent Delta="null" EndDate="2012-08-08 07:45:27.904 CST" Interest="465.0" Kind="propagation" Navigation="null" OriginId="org.eclipse.ui.navigator.ProjectExplorer" StartDate="2012-08-07 22:25:26.119 CST" StructureHandle="/allaboutknowledge-jpa" StructureKind="resource" NumEvents="465" CreationCount="142"/><InteractionEvent Delta="null" EndDate="2012-08-07 23:10:31.226 CST" Interest="1.0" Kind="propagation" Navigation="null" OriginId="org.eclipse.mylyn.resources.ui.interest.updater" StartDate="2012-08-07 23:10:31.226 CST" StructureHandle="/allaboutknowledge-jpa/src/chens/net/allaboutknowledge/jpa/model/Education.java" StructureKind="resource"/><InteractionEvent Delta="null" EndDate="2012-08-07 22:04:46.198 CST" Interest="3.0" Kind="selection" Navigation="null" OriginId="org.eclipse.ui.navigator.ProjectExplorer" StartDate="2012-08-07 22:03:08.817 CST" StructureHandle="=allaboutknowledge-jpa/src&amp;lt;chens.net.allaboutknowledge.jpa.entity{Personalinfo.java" StructureKind="java" NumEvents="3" CreationCount="5"/><InteractionEvent Delta="null" EndDate="2012-08-07 22:01:13.902 CST" Interest="1.0" Kind="prediction" Navigation="null" OriginId="org.eclipse.mylyn.resources.ui.interest.updater" StartDate="2012-08-07 22:01:13.902 CST" StructureHandle="=allaboutknowledge-jpa/src&amp;lt;chens.net.allaboutknowledge.jpa.entity{Personalinfo.java" StructureKind="java"/><InteractionEvent Delta="null" EndDate="2012-08-07 22:04:46.179 CST" Interest="3.0" Kind="propagation" Navigation="null" OriginId="org.eclipse.ui.navigator.ProjectExplorer" StartDate="2012-08-07 22:03:08.797 CST" StructureHandle="/allaboutknowledge-jpa/src/chens/net/allaboutknowledge/jpa/entity/Emailformat.java" StructureKind="resource" NumEvents="3" CreationCount="39"/><InteractionEvent Delta="null" EndDate="2012-08-07 23:10:32.677 CST" Interest="1.0" Kind="propagation" Navigation="null" OriginId="org.eclipse.mylyn.resources.ui.interest.updater" StartDate="2012-08-07 23:10:32.677 CST" StructureHandle="/allaboutknowledge-jpa/src/chens/net/allaboutknowledge/jpa/model/Experienceyear.java" StructureKind="resource"/><InteractionEvent Delta="null" EndDate="2012-08-07 22:16:09.575 CST" Interest="6.0" Kind="propagation" Navigation="null" OriginId="org.eclipse.jdt.ui.CompilationUnitEditor" StartDate="2012-08-07 22:03:08.789 CST" StructureHandle="/allaboutknowledge-jpa/src/chens/net/allaboutknowledge/jpa/entity/Accountvalidation.java" StructureKind="resource" NumEvents="6" CreationCount="33"/><InteractionEvent Delta="null" EndDate="2012-08-07 23:07:29.124 CST" Interest="14.0" Kind="edit" Navigation="null" OriginId="org.eclipse.jdt.ui.CompilationUnitEditor" StartDate="2012-08-07 22:34:02.947 CST" StructureHandle="=allaboutknowledge-jpa/src&amp;lt;chens.net.allaboutknowledge.jpa.sequence{UUIDSequence.java[UUIDSequence~getGeneratedValue~QAccessor;~QAbstractSession;~QString;" StructureKind="java" NumEvents="14" CreationCount="171"/><InteractionEvent Delta="null" EndDate="2012-08-07 23:07:20.221 CST" Interest="2.0" Kind="selection" Navigation="null" OriginId="org.eclipse.ui.views.ContentOutline" StartDate="2012-08-07 22:34:02.914 CST" StructureHandle="=allaboutknowledge-jpa/src&amp;lt;chens.net.allaboutknowledge.jpa.sequence{UUIDSequence.java[UUIDSequence~getGeneratedValue~QAccessor;~QAbstractSession;~QString;" StructureKind="java" NumEvents="2" CreationCount="171"/><InteractionEvent Delta="null" EndDate="2012-08-08 08:01:49.288 CST" Interest="2.0" Kind="propagation" Navigation="null" OriginId="org.eclipse.ui.navigator.ProjectExplorer" StartDate="2012-08-08 08:01:49.258 CST" StructureHandle="/jst_test" StructureKind="resource" NumEvents="2" CreationCount="610"/><InteractionEvent Delta="null" EndDate="2012-08-07 23:13:25.739 CST" Interest="1.2019999" Kind="propagation" Navigation="org.eclipse.mylyn.core.model.edges.containment" OriginId="org.eclipse.mylyn.core.model.interest.propagation" StartDate="2012-08-07 23:10:32.673 CST" StructureHandle="=allaboutknowledge-jpa/src&amp;lt;chens.net.allaboutknowledge.jpa.model{Member.java" StructureKind="java" NumEvents="2" CreationCount="331"/><InteractionEvent Delta="null" EndDate="2012-08-07 23:13:25.524 CST" Interest="3.0" Kind="selection" Navigation="null" OriginId="org.eclipse.jdt.ui.CompilationUnitEditor" StartDate="2012-08-07 23:10:41.750 CST" StructureHandle="=allaboutknowledge-jpa/src&amp;lt;chens.net.allaboutknowledge.jpa.model{Member.java" StructureKind="java" NumEvents="3" CreationCount="331"/><InteractionEvent Delta="null" EndDate="2012-08-07 22:04:46.172 CST" Interest="3.0" Kind="selection" Navigation="null" OriginId="org.eclipse.ui.navigator.ProjectExplorer" StartDate="2012-08-07 22:03:08.790 CST" StructureHandle="=allaboutknowledge-jpa/src&amp;lt;chens.net.allaboutknowledge.jpa.entity{Agerange.java" StructureKind="java" NumEvents="3" CreationCount="34"/><InteractionEvent Delta="null" EndDate="2012-08-07 22:14:55.197 CST" Interest="3.0" Kind="selection" Navigation="null" OriginId="org.eclipse.jdt.ui.CompilationUnitEditor" StartDate="2012-08-07 22:04:46.171 CST" StructureHandle="=allaboutknowledge-jpa/src&amp;lt;chens.net.allaboutknowledge.jpa.entity{Accountvalidation.java" StructureKind="java" NumEvents="3" CreationCount="109"/><InteractionEvent Delta="null" EndDate="2012-08-07 23:09:13.225 CST" Interest="54.0" Kind="propagation" Navigation="null" OriginId="org.eclipse.ui.navigator.ProjectExplorer" StartDate="2012-08-07 22:34:02.790 CST" StructureHandle="/allaboutknowledge-jpa/src/chens/net/allaboutknowledge/jpa/sequence" StructureKind="resource" NumEvents="54" CreationCount="169"/><InteractionEvent Delta="null" EndDate="2012-08-07 23:58:35.614 CST" Interest="91.929" Kind="propagation" Navigation="org.eclipse.mylyn.core.model.edges.containment" OriginId="org.eclipse.mylyn.core.model.interest.propagation" StartDate="2012-08-07 22:00:36.820 CST" StructureHandle="/allaboutknowledge-jpa/src/META-INF" StructureKind="resource" NumEvents="121" CreationCount="2"/><InteractionEvent Delta="null" EndDate="2012-08-07 22:04:46.184 CST" Interest="3.0" Kind="selection" Navigation="null" OriginId="org.eclipse.ui.navigator.ProjectExplorer" StartDate="2012-08-07 22:03:08.800 CST" StructureHandle="=allaboutknowledge-jpa/src&amp;lt;chens.net.allaboutknowledge.jpa.entity{Gender.java" StructureKind="java" NumEvents="3" CreationCount="42"/><InteractionEvent Delta="null" EndDate="2012-08-07 22:00:35.899 CST" Interest="1.0" Kind="propagation" Navigation="null" OriginId="org.eclipse.mylyn.resources.ui.interest.updater" StartDate="2012-08-07 22:00:35.899 CST" StructureHandle="=allaboutknowledge-jpa/src&amp;lt;chens.net.allaboutknowledge.jpa.entity{Status.java" StructureKind="java"/><InteractionEvent Delta="null" EndDate="2012-08-07 22:04:46.210 CST" Interest="3.0" Kind="selection" Navigation="null" OriginId="org.eclipse.ui.navigator.ProjectExplorer" StartDate="2012-08-07 22:03:08.823 CST" StructureHandle="=allaboutknowledge-jpa/src&amp;lt;chens.net.allaboutknowledge.jpa.entity{Status.java" StructureKind="java" NumEvents="3" CreationCount="2"/><InteractionEvent Delta="null" EndDate="2012-08-07 22:04:46.197 CST" Interest="4.0" Kind="propagation" Navigation="null" OriginId="org.eclipse.ui.navigator.ProjectExplorer" StartDate="2012-08-07 22:01:13.946 CST" StructureHandle="/allaboutknowledge-jpa/src/chens/net/allaboutknowledge/jpa/entity/Personalhobby.java" StructureKind="resource" NumEvents="4" CreationCount="5"/><InteractionEvent Delta="null" EndDate="2012-08-07 22:04:46.181 CST" Interest="3.0" Kind="propagation" Navigation="null" OriginId="org.eclipse.ui.navigator.ProjectExplorer" StartDate="2012-08-07 22:03:08.798 CST" StructureHandle="/allaboutknowledge-jpa/src/chens/net/allaboutknowledge/jpa/entity/Employeement.java" StructureKind="resource" NumEvents="3" CreationCount="40"/><InteractionEvent Delta="null" EndDate="2012-08-07 23:13:25.738 CST" Interest="3.0" Kind="edit" Navigation="null" OriginId="org.eclipse.jdt.ui.CompilationUnitEditor" StartDate="2012-08-07 23:10:52.475 CST" StructureHandle="=allaboutknowledge-jpa/src&amp;lt;chens.net.allaboutknowledge.jpa.model{Member.java[Member^version" StructureKind="java" NumEvents="3" CreationCount="337"/><InteractionEvent Delta="null" EndDate="2012-08-07 23:13:25.555 CST" Interest="2.0" Kind="selection" Navigation="null" OriginId="org.eclipse.ui.views.ContentOutline" StartDate="2012-08-07 23:10:51.6 CST" StructureHandle="=allaboutknowledge-jpa/src&amp;lt;chens.net.allaboutknowledge.jpa.model{Member.java[Member^version" StructureKind="java" NumEvents="2" CreationCount="337"/><InteractionEvent Delta="null" EndDate="2012-08-07 22:04:46.203 CST" Interest="4.0" Kind="propagation" Navigation="null" OriginId="org.eclipse.ui.navigator.ProjectExplorer" StartDate="2012-08-07 22:01:13.903 CST" StructureHandle="/allaboutknowledge-jpa/src/chens/net/allaboutknowledge/jpa/entity/Ranking.java" StructureKind="resource" NumEvents="4" CreationCount="5"/><InteractionEvent Delta="null" EndDate="2012-08-07 22:04:46.184 CST" Interest="3.0" Kind="propagation" Navigation="null" OriginId="org.eclipse.ui.navigator.ProjectExplorer" StartDate="2012-08-07 22:03:08.801 CST" StructureHandle="/allaboutknowledge-jpa/src/chens/net/allaboutknowledge/jpa/entity/Gender.java" StructureKind="resource" NumEvents="3" CreationCount="42"/><InteractionEvent Delta="null" EndDate="2012-08-07 22:04:46.181 CST" Interest="3.0" Kind="selection" Navigation="null" OriginId="org.eclipse.ui.navigator.ProjectExplorer" StartDate="2012-08-07 22:03:08.798 CST" StructureHandle="=allaboutknowledge-jpa/src&amp;lt;chens.net.allaboutknowledge.jpa.entity{Employeement.java" StructureKind="java" NumEvents="3" CreationCount="40"/><InteractionEvent Delta="null" EndDate="2012-08-07 22:04:46.204 CST" Interest="3.0" Kind="selection" Navigation="null" OriginId="org.eclipse.ui.navigator.ProjectExplorer" StartDate="2012-08-07 22:03:08.822 CST" StructureHandle="=allaboutknowledge-jpa/src&amp;lt;chens.net.allaboutknowledge.jpa.entity{Role.java" StructureKind="java" NumEvents="3" CreationCount="5"/><InteractionEvent Delta="null" EndDate="2012-08-07 22:01:13.901 CST" Interest="1.0" Kind="prediction" Navigation="null" OriginId="org.eclipse.mylyn.resources.ui.interest.updater" StartDate="2012-08-07 22:01:13.901 CST" StructureHandle="=allaboutknowledge-jpa/src&amp;lt;chens.net.allaboutknowledge.jpa.entity{Role.java" StructureKind="java"/><InteractionEvent Delta="null" EndDate="2012-08-07 22:04:26.307 CST" Interest="1.0" Kind="edit" Navigation="null" OriginId="org.eclipse.jdt.ui.CompilationUnitEditor" StartDate="2012-08-07 22:04:26.307 CST" StructureHandle="=allaboutknowledge-jpa/src&amp;lt;chens.net.allaboutknowledge.jpa.entity{Purchasehistory.java[Purchasehistory~getPackage" StructureKind="java"/><InteractionEvent Delta="null" EndDate="2012-08-07 22:04:25.792 CST" Interest="1.0" Kind="selection" Navigation="null" OriginId="org.eclipse.jdt.ui.CompilationUnitEditor" StartDate="2012-08-07 22:04:25.792 CST" StructureHandle="=allaboutknowledge-jpa/src&amp;lt;chens.net.allaboutknowledge.jpa.entity{Purchasehistory.java[Purchasehistory~getPackage" StructureKind="java"/><InteractionEvent Delta="null" EndDate="2012-08-08 00:10:14.559 CST" Interest="6.8960004" Kind="propagation" Navigation="org.eclipse.mylyn.core.model.edges.containment" OriginId="org.eclipse.mylyn.core.model.interest.propagation" StartDate="2012-08-07 23:10:31.215 CST" StructureHandle="=allaboutknowledge-jpa/src&amp;lt;chens.net.allaboutknowledge.jpa.model" StructureKind="java" NumEvents="11" CreationCount="331"/><InteractionEvent Delta="null" EndDate="2012-08-08 07:45:27.903 CST" Interest="11.0" Kind="selection" Navigation="null" OriginId="org.eclipse.ui.navigator.ProjectExplorer" StartDate="2012-08-07 23:37:42.836 CST" StructureHandle="=allaboutknowledge-jpa/src&amp;lt;chens.net.allaboutknowledge.jpa.model" StructureKind="java" NumEvents="11" CreationCount="331"/><InteractionEvent Delta="null" EndDate="2012-08-07 22:04:50.177 CST" Interest="16.0" Kind="propagation" Navigation="null" OriginId="org.eclipse.ui.navigator.ProjectExplorer" StartDate="2012-08-07 22:01:13.944 CST" StructureHandle="/allaboutknowledge-jpa/src/chens/net/allaboutknowledge/jpa/entity/Purchasehistory.java" StructureKind="resource" NumEvents="16" CreationCount="5"/><InteractionEvent Delta="null" EndDate="2012-08-07 22:04:46.175 CST" Interest="3.0" Kind="propagation" Navigation="null" OriginId="org.eclipse.ui.navigator.ProjectExplorer" StartDate="2012-08-07 22:03:08.792 CST" StructureHandle="/allaboutknowledge-jpa/src/chens/net/allaboutknowledge/jpa/entity/Country.java" StructureKind="resource" NumEvents="3" CreationCount="36"/><InteractionEvent Delta="null" EndDate="2012-08-07 23:52:04.523 CST" Interest="1.0" Kind="selection" Navigation="null" OriginId="org.eclipse.jdt.ui.CompilationUnitEditor" StartDate="2012-08-07 23:52:04.523 CST" StructureHandle="=allaboutknowledge-jpa/src&amp;lt;chens.net.allaboutknowledge.jpa.impl{JpaResource.java[JpaResource^get" StructureKind="java"/><InteractionEvent Delta="null" EndDate="2012-08-07 23:07:37.604 CST" Interest="1.0" Kind="selection" Navigation="null" OriginId="org.eclipse.ui.views.ContentOutline" StartDate="2012-08-07 23:07:37.604 CST" StructureHandle="=allaboutknowledge-jpa/src&amp;lt;chens.net.allaboutknowledge.jpa.sequence{UUIDSequence.java[UUIDSequence~getGeneratedVector~QAccessor;~QAbstractSession;~QString;~I" StructureKind="java"/><InteractionEvent Delta="null" EndDate="2012-08-08 07:45:27.904 CST" Interest="507.0" Kind="propagation" Navigation="null" OriginId="org.eclipse.ui.navigator.ProjectExplorer" StartDate="2012-08-07 21:59:23.133 CST" StructureHandle="/allaboutknowledge-jpa/src" StructureKind="resource" NumEvents="507" CreationCount="1"/><InteractionEvent Delta="null" EndDate="2012-08-07 23:52:31.227 CST" Interest="194.84799" Kind="propagation" Navigation="org.eclipse.mylyn.core.model.edges.containment" OriginId="org.eclipse.mylyn.core.model.interest.propagation" StartDate="2012-08-07 21:59:23.133 CST" StructureHandle="/allaboutknowledge-jpa/src/chens/net/allaboutknowledge" StructureKind="resource" NumEvents="196" CreationCount="1"/><InteractionEvent Delta="null" EndDate="2012-08-08 08:01:49.288 CST" Interest="2.0" Kind="selection" Navigation="null" OriginId="org.eclipse.ui.navigator.ProjectExplorer" StartDate="2012-08-08 08:01:49.257 CST" StructureHandle="=jst_test" StructureKind="java" NumEvents="2" CreationCount="610"/><InteractionEvent Delta="null" EndDate="2012-08-07 23:52:29.524 CST" Interest="64.38501" Kind="propagation" Navigation="org.eclipse.mylyn.core.model.edges.containment" OriginId="org.eclipse.mylyn.core.model.interest.propagation" StartDate="2012-08-07 23:38:01.141 CST" StructureHandle="=allaboutknowledge-jpa/src&amp;lt;chens.net.allaboutknowledge.jpa.impl" StructureKind="java" NumEvents="96" CreationCount="345"/><InteractionEvent Delta="null" EndDate="2012-08-07 23:38:01.536 CST" Interest="1.0" Kind="selection" Navigation="null" OriginId="org.eclipse.ui.navigator.ProjectExplorer" StartDate="2012-08-07 23:38:01.536 CST" StructureHandle="=allaboutknowledge-jpa/src&amp;lt;chens.net.allaboutknowledge.jpa.impl" StructureKind="java"/><InteractionEvent Delta="null" EndDate="2012-08-07 23:10:31.228 CST" Interest="1.0" Kind="propagation" Navigation="null" OriginId="org.eclipse.mylyn.resources.ui.interest.updater" StartDate="2012-08-07 23:10:31.228 CST" StructureHandle="/allaboutknowledge-jpa/src/chens/net/allaboutknowledge/jpa/model/Agerange.java" StructureKind="resource"/><InteractionEvent Delta="null" EndDate="2012-08-07 23:58:22.433 CST" Interest="1.0" Kind="prediction" Navigation="null" OriginId="org.eclipse.mylyn.resources.ui.interest.updater" StartDate="2012-08-07 23:58:22.433 CST" StructureHandle="=allaboutknowledge-jpa/src&amp;lt;chens.net.allaboutknowledge.jpa.model{Personalinfo.java" StructureKind="java"/><InteractionEvent Delta="null" EndDate="2012-08-07 22:04:46.178 CST" Interest="3.0" Kind="propagation" Navigation="null" OriginId="org.eclipse.ui.navigator.ProjectExplorer" StartDate="2012-08-07 22:03:08.795 CST" StructureHandle="/allaboutknowledge-jpa/src/chens/net/allaboutknowledge/jpa/entity/Educationlevel.java" StructureKind="resource" NumEvents="3" CreationCount="38"/><InteractionEvent Delta="null" EndDate="2012-08-07 23:38:30.890 CST" Interest="1.0" Kind="edit" Navigation="null" OriginId="org.eclipse.jdt.ui.CompilationUnitEditor" StartDate="2012-08-07 23:38:30.890 CST" StructureHandle="=allaboutknowledge-jpa/src&amp;lt;chens.net.allaboutknowledge.jpa.impl{JpaResource.java" StructureKind="java"/><InteractionEvent Delta="null" EndDate="2012-08-07 23:52:27.577 CST" Interest="58.668003" Kind="propagation" Navigation="org.eclipse.mylyn.core.model.edges.containment" OriginId="org.eclipse.mylyn.core.model.interest.propagation" StartDate="2012-08-07 23:38:29.783 CST" StructureHandle="=allaboutknowledge-jpa/src&amp;lt;chens.net.allaboutknowledge.jpa.impl{JpaResource.java" StructureKind="java" NumEvents="88" CreationCount="346"/><InteractionEvent Delta="null" EndDate="2012-08-07 23:51:52.136 CST" Interest="6.0" Kind="selection" Navigation="null" OriginId="org.eclipse.jdt.ui.CompilationUnitEditor" StartDate="2012-08-07 23:38:30.315 CST" StructureHandle="=allaboutknowledge-jpa/src&amp;lt;chens.net.allaboutknowledge.jpa.impl{JpaResource.java" StructureKind="java" NumEvents="6" CreationCount="346"/><InteractionEvent Delta="null" EndDate="2012-08-07 23:52:31.226 CST" Interest="14.0" Kind="edit" Navigation="null" OriginId="org.eclipse.jdt.ui.CompilationUnitEditor" StartDate="2012-08-07 23:52:08.123 CST" StructureHandle="=allaboutknowledge-jpa/src&amp;lt;chens.net.allaboutknowledge.jpa.impl{JpaResource.java[JpaResource~getGender" StructureKind="java" NumEvents="14" CreationCount="559"/><InteractionEvent Delta="null" EndDate="2012-08-08 00:10:14.570 CST" Interest="4.0" Kind="edit" Navigation="null" OriginId="org.eclipse.jdt.ui.CompilationUnitEditor" StartDate="2012-08-08 00:07:42.759 CST" StructureHandle="=allaboutknowledge-jpa/src&amp;lt;chens.net.allaboutknowledge.jpa.model{Memberparticipatequestion.java[Memberparticipatequestion~getMarkedasanswer" StructureKind="java" NumEvents="4" CreationCount="637"/><InteractionEvent Delta="null" EndDate="2012-08-08 00:10:14.558 CST" Interest="2.0" Kind="selection" Navigation="null" OriginId="org.eclipse.jdt.ui.CompilationUnitEditor" StartDate="2012-08-08 00:07:42.240 CST" StructureHandle="=allaboutknowledge-jpa/src&amp;lt;chens.net.allaboutknowledge.jpa.model{Memberparticipatequestion.java[Memberparticipatequestion~getMarkedasanswer" StructureKind="java" NumEvents="2" CreationCount="637"/><InteractionEvent Delta="null" EndDate="2012-08-08 08:17:02.522 CST" Interest="70.0" Kind="propagation" Navigation="org.eclipse.mylyn.core.model.edges.containment" OriginId="org.eclipse.mylyn.core.model.interest.propagation" StartDate="2012-08-07 22:59:15.180 CST" StructureHandle="/allaboutknowledge-web/src/chens" StructureKind="resource" NumEvents="70" CreationCount="221"/><InteractionEvent Delta="null" EndDate="2012-08-08 07:45:27.903 CST" Interest="80.0" Kind="propagation" Navigation="null" OriginId="org.eclipse.ui.navigator.ProjectExplorer" StartDate="2012-08-07 23:10:31.215 CST" StructureHandle="/allaboutknowledge-jpa/src/chens/net/allaboutknowledge/jpa/model" StructureKind="resource" NumEvents="80" CreationCount="331"/><InteractionEvent Delta="null" EndDate="2012-08-07 22:16:09.574 CST" Interest="1.0" Kind="selection" Navigation="null" OriginId="org.eclipse.jdt.ui.CompilationUnitEditor" StartDate="2012-08-07 22:16:09.574 CST" StructureHandle="=allaboutknowledge-jpa/src&amp;lt;chens.net.allaboutknowledge.jpa.entity{Accountvalidation.java[Accountvalidation~getAvid" StructureKind="java"/><InteractionEvent Delta="null" EndDate="2012-08-07 23:52:31.227 CST" Interest="194.84799" Kind="propagation" Navigation="org.eclipse.mylyn.core.model.edges.containment" OriginId="org.eclipse.mylyn.core.model.interest.propagation" StartDate="2012-08-07 21:59:23.133 CST" StructureHandle="/allaboutknowledge-jpa/src/chens" StructureKind="resource" NumEvents="196" CreationCount="1"/><InteractionEvent Delta="null" EndDate="2012-08-07 22:04:46.170 CST" Interest="27.0" Kind="propagation" Navigation="null" OriginId="org.eclipse.ui.navigator.ProjectExplorer" StartDate="2012-08-07 22:00:46.240 CST" StructureHandle="/allaboutknowledge-jpa/src/chens/net/allaboutknowledge/jpa/entity/Accounttype.java" StructureKind="resource" NumEvents="27" CreationCount="3"/><InteractionEvent Delta="null" EndDate="2012-08-07 23:56:50.908 CST" Interest="3.0" Kind="propagation" Navigation="null" OriginId="org.eclipse.jdt.ui.CompilationUnitEditor" StartDate="2012-08-07 23:10:31.217 CST" StructureHandle="/allaboutknowledge-jpa/src/chens/net/allaboutknowledge/jpa/model/Accountvalidation.java" StructureKind="resource" NumEvents="3" CreationCount="331"/><InteractionEvent Delta="null" EndDate="2012-08-07 23:56:48.111 CST" Interest="3.5730004" Kind="manipulation" Navigation="null" OriginId="org.eclipse.mylyn.core.model.interest.decay.correction" StartDate="2012-08-07 23:56:48.111 CST" StructureHandle="/allaboutknowledge-jpa/src/chens/net/allaboutknowledge/jpa/model/Accountvalidation.java" StructureKind="resource"/><InteractionEvent Delta="null" EndDate="2012-08-07 23:10:49.949 CST" Interest="2.0" Kind="edit" Navigation="null" OriginId="org.eclipse.jdt.ui.CompilationUnitEditor" StartDate="2012-08-07 23:10:48.576 CST" StructureHandle="=allaboutknowledge-jpa/src&amp;lt;chens.net.allaboutknowledge.jpa.model{Member.java[Member" StructureKind="java" NumEvents="2" CreationCount="334"/><InteractionEvent Delta="null" EndDate="2012-08-07 23:13:25.738 CST" Interest="1.7509997" Kind="propagation" Navigation="org.eclipse.mylyn.core.model.edges.containment" OriginId="org.eclipse.mylyn.core.model.interest.propagation" StartDate="2012-08-07 23:13:25.556 CST" StructureHandle="=allaboutknowledge-jpa/src&amp;lt;chens.net.allaboutknowledge.jpa.model{Member.java[Member" StructureKind="java" NumEvents="3" CreationCount="334"/><InteractionEvent Delta="null" EndDate="2012-08-07 23:10:44.311 CST" Interest="1.0" Kind="selection" Navigation="null" OriginId="org.eclipse.jdt.ui.CompilationUnitEditor" StartDate="2012-08-07 23:10:44.311 CST" StructureHandle="=allaboutknowledge-jpa/src&amp;lt;chens.net.allaboutknowledge.jpa.model{Member.java[Member" StructureKind="java"/><InteractionEvent Delta="null" EndDate="2012-08-07 22:27:29.731 CST" Interest="180.0" Kind="propagation" Navigation="null" OriginId="org.eclipse.ui.navigator.ProjectExplorer" StartDate="2012-08-07 21:59:23.133 CST" StructureHandle="/allaboutknowledge-jpa/src/chens/net/allaboutknowledge/jpa/entity" StructureKind="resource" NumEvents="180" CreationCount="1"/><InteractionEvent Delta="null" EndDate="2012-08-07 23:42:34.628 CST" Interest="2.0" Kind="edit" Navigation="null" OriginId="org.eclipse.jdt.ui.CompilationUnitEditor" StartDate="2012-08-07 23:42:33.933 CST" StructureHandle="=allaboutknowledge-jpa/src&amp;lt;chens.net.allaboutknowledge.jpa.impl{JpaResource.java[JpaResource^PersistenceUnit" StructureKind="java" NumEvents="2" CreationCount="405"/><InteractionEvent Delta="null" EndDate="2012-08-07 23:42:33.392 CST" Interest="2.0" Kind="selection" Navigation="null" OriginId="org.eclipse.jdt.ui.CompilationUnitEditor" StartDate="2012-08-07 23:40:39.277 CST" StructureHandle="=allaboutknowledge-jpa/src&amp;lt;chens.net.allaboutknowledge.jpa.impl{JpaResource.java[JpaResource^PersistenceUnit" StructureKind="java" NumEvents="2" CreationCount="405"/><InteractionEvent Delta="null" EndDate="2012-08-07 22:04:46.190 CST" Interest="3.0" Kind="selection" Navigation="null" OriginId="org.eclipse.ui.navigator.ProjectExplorer" StartDate="2012-08-07 22:03:08.808 CST" StructureHandle="=allaboutknowledge-jpa/src&amp;lt;chens.net.allaboutknowledge.jpa.entity{MembermonitquestionPK.java" StructureKind="java" NumEvents="3" CreationCount="48"/><InteractionEvent Delta="null" EndDate="2012-08-07 22:04:46.179 CST" Interest="3.0" Kind="selection" Navigation="null" OriginId="org.eclipse.ui.navigator.ProjectExplorer" StartDate="2012-08-07 22:03:08.797 CST" StructureHandle="=allaboutknowledge-jpa/src&amp;lt;chens.net.allaboutknowledge.jpa.entity{Emailformat.java" StructureKind="java" NumEvents="3" CreationCount="39"/><InteractionEvent Delta="null" EndDate="2012-08-07 22:04:46.176 CST" Interest="3.0" Kind="selection" Navigation="null" OriginId="org.eclipse.ui.navigator.ProjectExplorer" StartDate="2012-08-07 22:03:08.793 CST" StructureHandle="=allaboutknowledge-jpa/src&amp;lt;chens.net.allaboutknowledge.jpa.entity{Education.java" StructureKind="java" NumEvents="3" CreationCount="37"/><InteractionEvent Delta="null" EndDate="2012-08-07 23:58:22.423 CST" Interest="1.0" Kind="prediction" Navigation="null" OriginId="org.eclipse.mylyn.resources.ui.interest.updater" StartDate="2012-08-07 23:58:22.423 CST" StructureHandle="=allaboutknowledge-jpa/src&amp;lt;chens.net.allaboutknowledge.jpa.model{Question.java" StructureKind="java"/><InteractionEvent Delta="null" EndDate="2012-08-07 22:04:46.201 CST" Interest="4.0" Kind="propagation" Navigation="null" OriginId="org.eclipse.ui.navigator.ProjectExplorer" StartDate="2012-08-07 22:01:13.907 CST" StructureHandle="/allaboutknowledge-jpa/src/chens/net/allaboutknowledge/jpa/entity/Question.java" StructureKind="resource" NumEvents="4" CreationCount="5"/><InteractionEvent Delta="null" EndDate="2012-08-08 08:17:02.522 CST" Interest="45.362" Kind="propagation" Navigation="org.eclipse.mylyn.core.model.edges.containment" OriginId="org.eclipse.mylyn.core.model.interest.propagation" StartDate="2012-08-07 22:59:15.180 CST" StructureHandle="=allaboutknowledge-web/src&amp;lt;chens.net.allaboutknowledge.web.action" StructureKind="java" NumEvents="60" CreationCount="221"/><InteractionEvent Delta="null" EndDate="2012-08-07 22:08:13.907 CST" Interest="8.0" Kind="propagation" Navigation="null" OriginId="org.eclipse.jdt.ui.CompilationUnitEditor" StartDate="2012-08-07 22:03:08.804 CST" StructureHandle="/allaboutknowledge-jpa/src/chens/net/allaboutknowledge/jpa/entity/MemberHasRole.java" StructureKind="resource" NumEvents="8" CreationCount="45"/><InteractionEvent Delta="null" EndDate="2012-08-08 08:17:02.521 CST" Interest="70.0" Kind="propagation" Navigation="org.eclipse.mylyn.core.model.edges.containment" OriginId="org.eclipse.mylyn.core.model.interest.propagation" StartDate="2012-08-07 22:59:15.179 CST" StructureHandle="/allaboutknowledge-web/src/chens/net/allaboutknowledge/web/action" StructureKind="resource" NumEvents="70" CreationCount="221"/><InteractionEvent Delta="null" EndDate="2012-08-07 23:10:31.221 CST" Interest="1.0" Kind="propagation" Navigation="null" OriginId="org.eclipse.mylyn.resources.ui.interest.updater" StartDate="2012-08-07 23:10:31.221 CST" StructureHandle="/allaboutknowledge-jpa/src/chens/net/allaboutknowledge/jpa/model/Educationlevel.java" StructureKind="resource"/><InteractionEvent Delta="null" EndDate="2012-08-07 23:37:26.586 CST" Interest="1.0" Kind="selection" Navigation="null" OriginId="org.eclipse.ui.navigator.ProjectExplorer" StartDate="2012-08-07 23:37:26.586 CST" StructureHandle="=allaboutknowledge-web/src&amp;lt;chens.net.allaboutknowledge.web.util" StructureKind="java"/><InteractionEvent Delta="null" EndDate="2012-08-07 22:03:08.788 CST" Interest="8.620998" Kind="propagation" Navigation="org.eclipse.mylyn.core.model.edges.containment" OriginId="org.eclipse.mylyn.core.model.interest.propagation" StartDate="2012-08-07 21:59:23.134 CST" StructureHandle="=allaboutknowledge-jpa/src&amp;lt;chens.net.allaboutknowledge.jpa.entity" StructureKind="java" NumEvents="13" CreationCount="1"/><InteractionEvent Delta="null" EndDate="2012-08-07 22:19:34.591 CST" Interest="9.0" Kind="selection" Navigation="null" OriginId="org.eclipse.ui.navigator.ProjectExplorer" StartDate="2012-08-07 21:59:25.414 CST" StructureHandle="=allaboutknowledge-jpa/src&amp;lt;chens.net.allaboutknowledge.jpa.entity" StructureKind="java" NumEvents="9" CreationCount="1"/><InteractionEvent Delta="null" EndDate="2012-08-08 08:17:02.522 CST" Interest="70.0" Kind="propagation" Navigation="org.eclipse.mylyn.core.model.edges.containment" OriginId="org.eclipse.mylyn.core.model.interest.propagation" StartDate="2012-08-07 22:59:15.180 CST" StructureHandle="/allaboutknowledge-web/src/chens/net/allaboutknowledge" StructureKind="resource" NumEvents="70" CreationCount="221"/><InteractionEvent Delta="null" EndDate="2012-08-07 22:04:46.173 CST" Interest="3.0" Kind="propagation" Navigation="null" OriginId="org.eclipse.ui.navigator.ProjectExplorer" StartDate="2012-08-07 22:03:08.790 CST" StructureHandle="/allaboutknowledge-jpa/src/chens/net/allaboutknowledge/jpa/entity/Agerange.java" StructureKind="resource" NumEvents="3" CreationCount="34"/><InteractionEvent Delta="null" EndDate="2012-08-07 22:04:46.204 CST" Interest="4.0" Kind="propagation" Navigation="null" OriginId="org.eclipse.ui.navigator.ProjectExplorer" StartDate="2012-08-07 22:01:13.909 CST" StructureHandle="/allaboutknowledge-jpa/src/chens/net/allaboutknowledge/jpa/entity/Role.java" StructureKind="resource" NumEvents="4" CreationCount="5"/><InteractionEvent Delta="null" EndDate="2012-08-07 22:04:46.178 CST" Interest="3.0" Kind="selection" Navigation="null" OriginId="org.eclipse.ui.navigator.ProjectExplorer" StartDate="2012-08-07 22:03:08.795 CST" StructureHandle="=allaboutknowledge-jpa/src&amp;lt;chens.net.allaboutknowledge.jpa.entity{Educationlevel.java" StructureKind="java" NumEvents="3" CreationCount="38"/><InteractionEvent Delta="null" EndDate="2012-08-08 00:10:14.570 CST" Interest="5.0720005" Kind="propagation" Navigation="org.eclipse.mylyn.core.model.edges.containment" OriginId="org.eclipse.mylyn.core.model.interest.propagation" StartDate="2012-08-08 00:00:27.982 CST" StructureHandle="=allaboutknowledge-jpa/src&amp;lt;chens.net.allaboutknowledge.jpa.model{Memberparticipatequestion.java[Memberparticipatequestion" StructureKind="java" NumEvents="8" CreationCount="621"/><InteractionEvent Delta="null" EndDate="2012-08-07 22:04:46.182 CST" Interest="3.0" Kind="selection" Navigation="null" OriginId="org.eclipse.ui.navigator.ProjectExplorer" StartDate="2012-08-07 22:03:08.799 CST" StructureHandle="=allaboutknowledge-jpa/src&amp;lt;chens.net.allaboutknowledge.jpa.entity{Experienceyear.java" StructureKind="java" NumEvents="3" CreationCount="41"/><InteractionEvent Delta="null" EndDate="2012-08-07 22:04:46.182 CST" Interest="3.0" Kind="propagation" Navigation="null" OriginId="org.eclipse.ui.navigator.ProjectExplorer" StartDate="2012-08-07 22:03:08.799 CST" StructureHandle="/allaboutknowledge-jpa/src/chens/net/allaboutknowledge/jpa/entity/Experienceyear.java" StructureKind="resource" NumEvents="3" CreationCount="41"/><InteractionEvent Delta="null" EndDate="2012-08-08 08:16:52.583 CST" Interest="4.0" Kind="edit" Navigation="null" OriginId="org.eclipse.jdt.ui.CompilationUnitEditor" StartDate="2012-08-07 22:59:16.56 CST" StructureHandle="=allaboutknowledge-web/src&amp;lt;chens.net.allaboutknowledge.web.action{HomeAction.java" StructureKind="java" NumEvents="4" CreationCount="221"/><InteractionEvent Delta="null" EndDate="2012-08-07 23:57:37.373 CST" Interest="29.168" Kind="propagation" Navigation="org.eclipse.mylyn.core.model.edges.containment" OriginId="org.eclipse.mylyn.core.model.interest.propagation" StartDate="2012-08-07 23:47:01.576 CST" StructureHandle="=allaboutknowledge-web/src&amp;lt;chens.net.allaboutknowledge.web.action{HomeAction.java" StructureKind="java" NumEvents="42" CreationCount="221"/><InteractionEvent Delta="null" EndDate="2012-08-08 08:17:02.521 CST" Interest="13.0" Kind="selection" Navigation="null" OriginId="org.eclipse.jdt.ui.PackageExplorer" StartDate="2012-08-07 22:59:15.179 CST" StructureHandle="=allaboutknowledge-web/src&amp;lt;chens.net.allaboutknowledge.web.action{HomeAction.java" StructureKind="java" NumEvents="13" CreationCount="221"/><InteractionEvent Delta="null" EndDate="2012-08-07 23:46:46.349 CST" Interest="0.39400005" Kind="manipulation" Navigation="null" OriginId="org.eclipse.mylyn.core.model.interest.decay.correction" StartDate="2012-08-07 23:46:46.349 CST" StructureHandle="=allaboutknowledge-web/src&amp;lt;chens.net.allaboutknowledge.web.action{HomeAction.java" StructureKind="java"/></InteractionHistory>